state,date,sentiment,p25,p75,median,total,row,col,pval
TX,1.5,-0.09441406478578893,-0.4939,0.2481,9570,7,5,3.045e-60
TX,3.5,-0.07448218850222584,-0.4588,0.2732,20891,7,5,5.3e-76
TX,5.5,-0.045142727448329145,-0.4142,0.3182,5177,7,5,1.72e-08
TX,7.5,-0.06900646080760095,-0.4588,0.296,4210,7,5,5.267e-16
TX,9.5,-0.07144969385255939,-0.4588,0.296,4083,7,5,2.398e-16
TX,11.5,-0.05179057222082178,-0.4215,0.30495,3967,7,5,8.409e-07
TX,13.5,-0.03672518820577165,-0.42045,0.3612,3188,7,5,1.072e-05
TX,15.5,0.013112225705329158,-0.3818,0.4215,2871,7,5,0.3
TX,17.5,-0.012364270286948474,-0.4002,0.3804,3241,7,5,0.6948
TX,19.5,-0.0026827883860842277,-0.3919,0.4019,3823,7,5,0.7416
TX,21.5,0.006315135834411385,-0.4019,0.4215,3092,7,5,0.4663
TX,23.5,0.03260959079283888,-0.3182,0.43074999999999997,3910,7,5,0.004779
TX,25.5,0.034448540065861684,-0.34,0.4404,4555,7,5,0.0007143
TX,27.5,0.02737032273152479,-0.3612,0.42765,4276,7,5,0.004544
TX,29.5,0.011689391056137014,-0.3612,0.4199,4204,7,5,0.04307
TX,31.0,0.02356062732150227,-0.34,0.424,2423,7,5,0.04187
ALL,1.5,-0.09066573148408898,-0.4939,0.25,142040,0,0,0.0
ALL,3.5,-0.055845851672253644,-0.4215,0.296,312632,0,0,0.0
ALL,5.5,-0.041790954104229,-0.4019,0.3182,76543,0,0,3.114e-97
ALL,7.5,-0.05015015880924207,-0.429925,0.3182,64228,0,0,7.294e-107
ALL,9.5,-0.06042910640079889,-0.4404,0.296,62086,0,0,9.944e-171
ALL,11.5,-0.0348466015374204,-0.4019,0.3182,57629,0,0,5.412e-48
ALL,13.5,-0.016321696074900978,-0.3818,0.3612,44432,0,0,8.824e-09
ALL,15.5,0.015992861746696747,-0.34,0.4019,43442,0,0,2.577e-07
ALL,17.5,0.005774428842333393,-0.3818,0.4019,44296,0,0,0.02687
ALL,19.5,0.015022770817980839,-0.3612,0.41054999999999997,51566,0,0,6.822e-10
ALL,21.5,0.021877362244327708,-0.3632,0.4215,44735,0,0,5.638e-15
ALL,23.5,0.029246735078139713,-0.34,0.4215,53110,0,0,5.789e-33
ALL,25.5,0.03636036142598981,-0.34,0.4404,60870,0,0,7.173e-55
ALL,27.5,0.026961848885260955,-0.3612,0.4329,58803,0,0,4.585e-36
ALL,29.5,0.011620135116784355,-0.3818,0.4215,58912,0,0,1.425e-05
ALL,31.0,0.017869140740740738,-0.3637,0.4215,33750,0,0,5.505e-08
OH,1.5,-0.08141984732824427,-0.4588,0.2263,4061,4,10,1.53e-19
OH,3.5,-0.044077169047111495,-0.3818,0.296,9382,4,10,2.813e-15
OH,5.5,-0.03212797413793104,-0.3818,0.3182,2320,4,10,0.007194
OH,7.5,-0.04461064891846922,-0.4497,0.34695,1803,4,10,0.0187
OH,9.5,-0.049501265822784815,-0.4215,0.296,2133,4,10,4.863e-05
OH,11.5,-0.013231609712230214,-0.3612,0.35774999999999996,2224,4,10,0.0344
OH,13.5,0.003051432378414394,-0.3612,0.4019,1501,4,10,0.9206
OH,15.5,0.061150808457711446,-0.296,0.4404,1608,4,10,7.022e-07
OH,17.5,0.024382528891910265,-0.3818,0.4215,1471,4,10,0.007784
OH,19.5,0.04287842401500938,-0.3612,0.4404,1599,4,10,0.0006673
OH,21.5,0.05996748120300752,-0.27342500000000003,0.4404,1596,4,10,2.104e-05
OH,23.5,0.060815406809001736,-0.296,0.4404,1733,4,10,9.055e-08
OH,25.5,0.07194862765406525,-0.2732,0.4767,1931,4,10,7.03e-10
OH,27.5,0.03634356647090229,-0.3612,0.4404,1873,4,10,0.007101
OH,29.5,0.031938675775091956,-0.3437,0.4404,1903,4,10,0.0197
OH,31.0,0.03453492217898833,-0.34175,0.451625,1028,4,10,0.1897
AR,1.5,-0.11793170254403133,-0.5392,0.23065,511,6,7,2.696e-07
AR,3.5,-0.08596651583710407,-0.4767,0.2732,884,6,7,0.0002127
AR,5.5,-0.060961809045226134,-0.4959,0.3283,199,6,7,0.07926
AR,7.5,-0.18871764705882352,-0.5641499999999999,0.0,187,6,7,5.82e-05
AR,9.5,-0.05866153846153846,-0.4588,0.3182,221,6,7,0.214
AR,11.5,-0.06965884615384615,-0.449975,0.2615,260,6,7,0.2389
AR,13.5,-0.042676744186046514,-0.4068,0.30155,172,6,7,0.218
AR,15.5,0.025790740740740746,-0.37277499999999997,0.390875,162,6,7,0.3912
AR,17.5,0.039391935483870974,-0.27055,0.421,186,6,7,0.05571
AR,19.5,-0.01363846153846154,-0.34604999999999997,0.35045000000000004,234,6,7,0.5324
AR,21.5,-0.008276439790575917,-0.3818,0.33805,191,6,7,0.2182
AR,23.5,0.009605392156862737,-0.38527500000000003,0.3818,204,6,7,0.8724
AR,25.5,0.027556637168141593,-0.390675,0.4437,226,6,7,0.6719
AR,27.5,0.016630567685589518,-0.3191,0.4019,229,6,7,0.4854
AR,29.5,-0.016359154929577475,-0.296,0.3182,213,6,7,0.8872
AR,31.0,0.046306779661016956,-0.296,0.3818,118,6,7,0.1795
VA,1.5,-0.0900136518771331,-0.4939,0.2516,2637,6,9,3.114e-16
VA,3.5,-0.047632593713229116,-0.4019,0.3089,5949,6,9,1.645e-09
VA,5.5,-0.051900906555090665,-0.4019,0.2728,1434,6,9,0.0008155
VA,7.5,-0.05602247882986913,-0.4215,0.2732,1299,6,9,0.002184
VA,9.5,-0.05479619131975199,-0.4215,0.3237,1129,6,9,0.0009357
VA,11.5,-0.030681786339754817,-0.37745,0.3182,1142,6,9,0.1629
VA,13.5,-0.023261556064073232,-0.40295,0.354625,874,6,9,0.234
VA,15.5,0.016341902604756507,-0.35815,0.38855,883,6,9,0.1902
VA,17.5,0.002195488721804515,-0.3612,0.4019,931,6,9,0.7908
VA,19.5,0.011596213592233008,-0.356275,0.4019,1030,6,9,0.5861
VA,21.5,0.004971778487752926,-0.4019,0.40685000000000004,939,6,9,0.9749
VA,23.5,0.04365865921787709,-0.31545,0.4215,1074,6,9,0.002035
VA,25.5,0.03870582375478927,-0.34,0.4404,1305,6,9,0.007465
VA,27.5,0.03279411764705882,-0.3612,0.4404,1139,6,9,0.003123
VA,29.5,0.007041061670569864,-0.3818,0.4215,1281,6,9,0.1237
VA,31.0,-0.001944914134742405,-0.3612,0.4019,757,6,9,0.5167
KY,1.5,-0.10782530712530713,-0.5267,0.28175000000000006,814,5,8,1.548e-07
KY,3.5,-0.05811329879101901,-0.4588,0.3182,1737,5,8,3.124e-06
KY,5.5,-0.07407718940936865,-0.406,0.2112,491,5,8,0.0003409
KY,7.5,-0.054418666666666664,-0.44007500000000005,0.2903,450,5,8,0.02699
KY,9.5,-0.010211136363636361,-0.3417,0.3612,440,5,8,0.964
KY,11.5,-0.02176809954751131,-0.3164,0.3182,442,5,8,0.3119
KY,13.5,-0.036415819209039545,-0.4077,0.360775,354,5,8,0.0977
KY,15.5,0.02062604501607717,-0.3612,0.41995,311,5,8,0.4844
KY,17.5,0.07039891598915989,-0.296,0.4404,369,5,8,0.04659
KY,19.5,0.04286228287841191,-0.296,0.4019,403,5,8,0.171
KY,21.5,0.0024936599423631073,-0.43625,0.4272,347,5,8,0.6931
KY,23.5,0.06022361445783133,-0.34,0.4663,415,5,8,0.06307
KY,25.5,0.04735995575221239,-0.313775,0.4588,452,5,8,0.09523
KY,27.5,0.02889236453201971,-0.3182,0.43415,406,5,8,0.9194
KY,29.5,0.06517540603248259,-0.25395,0.43710000000000004,431,5,8,0.002366
KY,31.0,0.04155560538116591,-0.34,0.41664999999999996,223,5,8,0.08819
DE,1.5,-0.026029496402877696,-0.3818,0.34,695,5,12,0.1107
DE,3.5,-0.06367985611510792,-0.4019,0.2023,1529,5,12,6.691e-05
DE,5.5,-0.025774084507042255,-0.34,0.29505000000000003,355,5,12,0.4802
DE,7.5,-0.0289390625,-0.3818,0.3182,320,5,12,0.1755
DE,9.5,-0.0878179104477612,-0.4346,0.08995,335,5,12,0.01927
DE,11.5,-0.042548534201954404,-0.3818,0.25,307,5,12,0.02467
DE,13.5,-0.0012243362831858365,-0.290875,0.296,226,5,12,0.664
DE,15.5,-0.04927767441860465,-0.39255,0.257,215,5,12,0.1307
DE,17.5,-0.02589958333333334,-0.40069999999999995,0.3612,240,5,12,0.3912
DE,19.5,0.06530940766550523,-0.23735,0.4404,287,5,12,0.7427
DE,21.5,-0.0062318385650224194,-0.4215,0.37435,223,5,12,0.4446
DE,23.5,0.000579999999999995,-0.34,0.3591,275,5,12,0.7495
DE,25.5,0.010486601307189543,-0.33454999999999996,0.4019,306,5,12,0.9746
DE,27.5,0.05184129692832765,-0.1365,0.4019,293,5,12,0.1106
DE,29.5,0.007302295081967218,-0.34,0.3802,305,5,12,0.1674
DE,31.0,0.021388679245283006,-0.36460000000000004,0.4404,159,5,12,0.9437
AL,1.5,-0.09601902086677368,-0.4939,0.210425,1246,7,8,1.106e-09
AL,3.5,-0.05455569064505235,-0.4215,0.296,2961,7,8,4.407e-07
AL,5.5,-0.046175186846038864,-0.4215,0.3182,669,7,8,0.02268
AL,7.5,-0.032695833333333334,-0.41152500000000003,0.3612,528,7,8,0.1109
AL,9.5,-0.09870696428571428,-0.4939,0.22307500000000002,560,7,8,1.974e-05
AL,11.5,-0.021069105691056914,-0.35695,0.3217,615,7,8,0.9927
AL,13.5,-0.018585534591194972,-0.34,0.296,477,7,8,0.2737
AL,15.5,0.0019004040404040432,-0.3612,0.39390000000000003,495,7,8,0.2972
AL,17.5,0.018861355311355313,-0.33087500000000003,0.396875,546,7,8,0.6879
AL,19.5,0.018447980613893376,-0.3612,0.4215,619,7,8,0.208
AL,21.5,0.0325875939849624,-0.34,0.4404,532,7,8,0.1397
AL,23.5,0.05776362275449103,-0.34,0.4472,668,7,8,0.1275
AL,25.5,0.08357400275103163,-0.2933,0.4588,727,7,8,0.0001599
AL,27.5,0.09588279266572636,-0.25,0.508,709,7,8,1.413e-05
AL,29.5,0.02673296551724138,-0.4228,0.4588,725,7,8,0.1694
AL,31.0,0.04226741573033708,-0.3182,0.4215,445,7,8,0.05611
DC,1.5,-0.08532875246409463,-0.4588,0.2263,3551,5,10,5.23e-23
DC,3.5,-0.029892349670510708,-0.3818,0.3182,9712,5,10,3.512e-07
DC,5.5,0.0003655706904650065,-0.34,0.34,2129,5,10,0.5043
DC,7.5,-0.035071571696931744,-0.3818,0.34,1597,5,10,0.01506
DC,9.5,-0.02987981981981982,-0.4019,0.34,1665,5,10,0.03292
DC,11.5,0.0042062874251497,-0.359925,0.3922,1336,5,10,0.8988
DC,13.5,-0.009965185950413223,-0.3612,0.3612,968,5,10,0.758
DC,15.5,0.0339264480874317,-0.296,0.41345,915,5,10,0.007292
DC,17.5,-0.003913429752066115,-0.3818,0.3612,968,5,10,0.668
DC,19.5,0.01897874354561101,-0.34,0.3983,1162,5,10,0.1055
DC,21.5,-0.0010811032863849786,-0.3724,0.3818,852,5,10,0.7545
DC,23.5,0.016456487889273355,-0.3612,0.4019,1156,5,10,0.2367
DC,25.5,0.03445665024630542,-0.296,0.4019,1421,5,10,0.007902
DC,27.5,0.029934003091190108,-0.34,0.4215,1294,5,10,0.008666
DC,29.5,-0.012250608446671439,-0.3818,0.3612,1397,5,10,0.7596
DC,31.0,0.0009118705035971238,-0.33955,0.3612,834,5,10,0.7014
NY,1.5,-0.08237173331405018,-0.4535,0.2263,13829,3,11,5.369e-69
NY,3.5,-0.04521530232954063,-0.4004,0.296,35243,3,11,9.91e-61
NY,5.5,-0.03143389244558258,-0.3818,0.3182,7810,3,11,3.125e-08
NY,7.5,-0.05518402662229618,-0.413675,0.296,6010,3,11,8.864e-14
NY,9.5,-0.05193421963499056,-0.4215,0.3182,6356,3,11,6.159e-12
NY,11.5,-0.02570669393826702,-0.3818,0.328575,5378,3,11,0.003404
NY,13.5,-0.007439327599687256,-0.3818,0.3873,3837,3,11,0.3795
NY,15.5,0.007506504065040647,-0.34,0.3818,3936,3,11,0.2084
NY,17.5,0.011441776400722956,-0.3612,0.4019,3873,3,11,0.2159
NY,19.5,0.015769213533497646,-0.34,0.4019,4463,3,11,0.08456
NY,21.5,0.009404474558936332,-0.3818,0.4019,3911,3,11,0.4126
NY,23.5,0.012141102257636116,-0.3798,0.4215,4518,3,11,0.5872
NY,25.5,0.02913741061347384,-0.34,0.4215,5314,3,11,4.26e-05
NY,27.5,0.013259312320916905,-0.36585,0.4019,5235,3,11,0.05267
NY,29.5,0.004482950376520565,-0.3818,0.4019,5179,3,11,0.8831
NY,31.0,0.0046901715039577825,-0.3818,0.4019,3032,3,11,0.2629
NJ,1.5,-0.10476147919876734,-0.5106,0.241725,2596,4,12,5.42e-23
NJ,3.5,-0.06303954179783142,-0.4215,0.2732,5718,4,12,1.559e-20
NJ,5.5,-0.03835811138014528,-0.3983,0.3182,1652,4,12,0.01546
NJ,7.5,-0.055706575781876516,-0.4404,0.3182,1247,4,12,0.001152
NJ,9.5,-0.08413975644699141,-0.474525,0.21887500000000001,1396,4,12,1.964e-10
NJ,11.5,-0.033716666666666666,-0.3818,0.3182,1170,4,12,0.01346
NJ,13.5,-0.005117208182912159,-0.3818,0.3961,831,4,12,0.6821
NJ,15.5,-0.027452765486725667,-0.4215,0.384325,904,4,12,0.483
NJ,17.5,0.005785951327433632,-0.3818,0.4019,904,4,12,0.6543
NJ,19.5,0.03519527410207939,-0.34795000000000004,0.4404,1058,4,12,0.02364
NJ,21.5,0.04442656587473002,-0.3182,0.4404,926,4,12,0.02255
NJ,23.5,0.011411228406909791,-0.350475,0.40045,1042,4,12,0.3708
NJ,25.5,0.021895119863013707,-0.3301,0.4019,1168,4,12,0.3137
NJ,27.5,0.015940034071550254,-0.3818,0.4404,1174,4,12,0.3831
NJ,29.5,0.026791753402722177,-0.3629,0.4215,1249,4,12,0.2285
NJ,31.0,0.03124538690476191,-0.34,0.4404,672,4,12,0.4787
WA,1.5,-0.07410397727272727,-0.4767,0.296,7040,3,3,8.173e-28
WA,3.5,-0.03489927432786105,-0.4019,0.3382,16812,3,3,8.077e-13
WA,5.5,-0.01532061122956645,-0.3818,0.3612,4221,3,3,0.02544
WA,7.5,-0.013698758865248226,-0.40069999999999995,0.3613,3384,3,3,0.1482
WA,9.5,-0.04193363744545815,-0.4215,0.3252,2521,3,3,1.961e-05
WA,11.5,-0.036949403669724774,-0.4019,0.3182,2180,3,3,0.006143
WA,13.5,-0.01299050279329609,-0.3883,0.37955,1611,3,3,0.2561
WA,15.5,0.014288722294654494,-0.367575,0.4019,1534,3,3,0.3692
WA,17.5,0.02626370757180157,-0.34,0.4215,1532,3,3,0.1653
WA,19.5,0.028759370078740153,-0.3612,0.4404,1905,3,3,0.03454
WA,21.5,0.0452607634543179,-0.34,0.4404,1598,3,3,0.04045
WA,23.5,0.06112063412179164,-0.296,0.4559,1987,3,3,2.945e-05
WA,25.5,0.05388533568904593,-0.296,0.450625,2264,3,3,1.74e-06
WA,27.5,0.025513567839195977,-0.3612,0.4404,2189,3,3,0.07842
WA,29.5,0.03431398104265403,-0.3412,0.4404,2110,3,3,0.00626
WA,31.0,0.01944660194174757,-0.33182500000000004,0.4019,1236,3,3,0.3878
MO,1.5,-0.0875031762295082,-0.48315,0.2732,1952,5,7,7.258e-13
MO,3.5,-0.06716807888970051,-0.4215,0.25755,4107,5,7,3.653e-14
MO,5.5,-0.025311852704257766,-0.4019,0.3612,869,5,7,0.2853
MO,7.5,-0.026789107763615295,-0.4019,0.34,863,5,7,0.1079
MO,9.5,-0.0778998753117207,-0.47004999999999997,0.25,802,5,7,8.824e-05
MO,11.5,-0.04377128987517337,-0.4019,0.3182,721,5,7,0.06115
MO,13.5,-0.00102220149253731,-0.3612,0.387625,536,5,7,0.8369
MO,15.5,0.05998746438746439,-0.293425,0.4404,702,5,7,0.0007804
MO,17.5,0.0343628612716763,-0.34,0.4225,692,5,7,0.04193
MO,19.5,0.0333266500622665,-0.3182,0.4019,803,5,7,0.1731
MO,21.5,0.03129184713375797,-0.3182,0.4019,785,5,7,0.3438
MO,23.5,0.04714081172491545,-0.31145,0.4404,887,5,7,0.01412
MO,25.5,0.01994661274014156,-0.34,0.4019,989,5,7,0.09235
MO,27.5,0.027065203761755488,-0.3818,0.4404,957,5,7,0.07355
MO,29.5,0.0029774731823599514,-0.3818,0.4215,839,5,7,0.8095
MO,31.0,0.037233526011560686,-0.3359,0.42215,519,5,7,0.3222
OR,1.5,-0.07830147614143494,-0.4767,0.296,2913,4,3,8.365e-15
OR,3.5,-0.056140090005625344,-0.4215,0.2995,5333,4,3,1.129e-14
OR,5.5,-0.048192917369308606,-0.4588,0.33835,1186,4,3,0.01085
OR,7.5,-0.06664124548736462,-0.4404,0.296,1108,4,3,2.293e-07
OR,9.5,-0.08341147368421054,-0.4939,0.25,950,4,3,1.793e-05
OR,11.5,-0.02026708385481852,-0.3818,0.33694999999999997,799,4,3,0.7436
OR,13.5,-0.009776011560693645,-0.4019,0.382075,692,4,3,0.8693
OR,15.5,-0.009012403100775198,-0.34,0.3612,645,4,3,0.4633
OR,17.5,-0.020397627118644065,-0.4173,0.3612,590,4,3,0.3894
OR,19.5,0.009613161465400272,-0.3699,0.4019,737,4,3,0.8929
OR,21.5,0.021020254957507083,-0.34,0.4019,706,4,3,0.6809
OR,23.5,0.018248232323232326,-0.3612,0.43927499999999997,792,4,3,0.1292
OR,25.5,0.03811866825208086,-0.3612,0.4215,841,4,3,0.05766
OR,27.5,0.010591069182389935,-0.39344999999999997,0.4019,795,4,3,0.6116
OR,29.5,0.01952074788902292,-0.4314,0.4404,829,4,3,0.4431
OR,31.0,0.03590174418604652,-0.3818,0.4767,516,4,3,0.2955
GA,1.5,-0.10790750883392225,-0.5106,0.2235,3396,7,9,1.277e-24
GA,3.5,-0.05243069949636262,-0.4137,0.296,8935,7,9,2.854e-22
GA,5.5,-0.05384060941828255,-0.4359,0.296,1805,7,9,1.703e-05
GA,7.5,-0.027230974632843793,-0.4019,0.3612,1498,7,9,0.09784
GA,9.5,-0.058422509225092255,-0.45844999999999997,0.3182,1626,7,9,2.086e-06
GA,11.5,-0.049021214235868804,-0.4215,0.3182,1433,7,9,0.00824
GA,13.5,-0.0320436669619132,-0.4404,0.3612,1129,7,9,0.01246
GA,15.5,0.021292144177449165,-0.3182,0.4019,1082,7,9,0.04712
GA,17.5,0.009570442477876107,-0.34,0.40149999999999997,1130,7,9,0.6545
GA,19.5,0.023779505027068836,-0.3581,0.4284,1293,7,9,0.05363
GA,21.5,-0.019500195694716244,-0.4215,0.3612,1022,7,9,0.2531
GA,23.5,-0.012318984547461364,-0.3818,0.3913,1359,7,9,0.09445
GA,25.5,0.028296951219512197,-0.34,0.435,1476,7,9,0.03021
GA,27.5,0.03681954674220963,-0.34,0.4404,1412,7,9,0.033
GA,29.5,0.0016625255972696283,-0.4019,0.4191,1465,7,9,0.6352
GA,31.0,0.00023718104495747407,-0.36245000000000005,0.4019,823,7,9,0.6639
CA,1.5,-0.08415016929476637,-0.4767,0.2732,20674,5,2,1.207e-107
CA,3.5,-0.06089970006427194,-0.4215,0.2942,42009,5,2,6.358e-108
CA,5.5,-0.04891473438022051,-0.4215,0.3182,11972,5,2,1.291e-20
CA,7.5,-0.04874995775044596,-0.4215,0.3182,10651,5,2,8.226e-22
CA,9.5,-0.05486456886419489,-0.4215,0.296,9359,5,2,8.653e-21
CA,11.5,-0.03464227508243052,-0.4019,0.3182,8492,5,2,2.215e-08
CA,13.5,-0.019059246326203986,-0.4005,0.3711,6873,5,2,0.01688
CA,15.5,0.02145630670178519,-0.34,0.40862499999999996,6834,5,2,0.0002151
CA,17.5,0.017465450050894286,-0.3561,0.4067,6877,5,2,2.084e-05
CA,19.5,0.025259308314937452,-0.34,0.4215,8154,5,2,7.135e-05
CA,21.5,0.043207701369459575,-0.34,0.4404,6791,5,2,5.116e-09
CA,23.5,0.027955191328196422,-0.3421,0.4215,7657,5,2,0.0002536
CA,25.5,0.037826553800704474,-0.34,0.4404,8801,5,2,4.184e-08
CA,27.5,0.029473894307099117,-0.3612,0.4404,8818,5,2,5.948e-06
CA,29.5,0.022167985781990522,-0.3818,0.437925,8440,5,2,0.004081
CA,31.0,0.047203853100541836,-0.3182,0.4404,4983,5,2,7.608e-10
HI,1.5,-0.06775992366412213,-0.4696,0.2732,524,7,2,0.09041
HI,3.5,-0.07164953874538746,-0.4939,0.2732,1084,7,2,4.604e-05
HI,5.5,-0.06782277992277992,-0.4215,0.2023,259,7,2,0.004925
HI,7.5,-0.0169568345323741,-0.3818,0.3705,278,7,2,0.9134
HI,9.5,-0.07693051643192489,-0.4574,0.2732,213,7,2,0.003818
HI,11.5,-0.021179234972677596,-0.32625,0.27545,183,7,2,0.08043
HI,13.5,-0.02645120481927711,-0.3818,0.39435,166,7,2,0.3302
HI,15.5,0.07691590909090909,-0.1027,0.492925,132,7,2,0.381
HI,17.5,-0.043695744680851065,-0.4939,0.36762500000000004,188,7,2,0.5468
HI,19.5,0.027943712574850305,-0.2952,0.38825,167,7,2,0.8261
HI,21.5,0.013350253807106601,-0.3256,0.4404,197,7,2,0.9641
HI,23.5,0.057748325358851674,-0.296,0.4588,209,7,2,0.1415
HI,25.5,0.0039295202952029495,-0.3612,0.3818,271,7,2,0.6446
HI,27.5,-0.040689539748953965,-0.42505,0.41169999999999995,239,7,2,0.2042
HI,29.5,-0.0035484716157205306,-0.4168,0.4019,229,7,2,0.7689
HI,31.0,0.04373426573426573,-0.3506,0.4021,143,7,2,0.112
IN,1.5,-0.08239400040265754,-0.4939,0.296,4967,4,9,7.736e-23
IN,3.5,-0.06252559984330623,-0.4588,0.296,10211,4,9,6.933e-28
IN,5.5,-0.03886101097178684,-0.4019,0.359925,2552,4,9,0.002187
IN,7.5,-0.03584714606741572,-0.4215,0.3525,2225,4,9,0.0001572
IN,9.5,-0.058231399317406146,-0.4588,0.3182,2051,4,9,4.225e-05
IN,11.5,-0.034879384465070835,-0.431,0.36035,2047,4,9,0.001776
IN,13.5,-0.02021747815230961,-0.4215,0.3818,1602,4,9,0.4052
IN,15.5,-0.010172715654952078,-0.3818,0.3612,1565,4,9,0.5669
IN,17.5,-0.016174177746675997,-0.4423,0.4019,1429,4,9,0.09646
IN,19.5,0.0013234188034188022,-0.4011,0.4019,1755,4,9,0.6203
IN,21.5,0.04252910855063675,-0.34,0.4404,1649,4,9,4.279e-05
IN,23.5,0.01509254254254254,-0.3818,0.4199,1998,4,9,0.3131
IN,25.5,0.003451410658307212,-0.3899,0.4184,2233,4,9,0.3023
IN,27.5,0.036590546122074345,-0.34,0.4404,2179,4,9,0.03338
IN,29.5,-0.0023021631365479937,-0.4215,0.4215,2219,4,9,0.742
IN,31.0,0.02986394779771615,-0.3612,0.450375,1226,4,9,0.0818
IL,1.5,-0.07100467106872095,-0.4404,0.2732,4089,4,8,5.034e-17
IL,3.5,-0.0576398270708796,-0.41877499999999995,0.2732,9368,4,8,4.461e-26
IL,5.5,-0.04208559847401049,-0.4019,0.296,2097,4,8,9.853e-05
IL,7.5,-0.03911012035010941,-0.4404,0.3182,1828,4,8,0.0007888
IL,9.5,-0.06699483394833948,-0.4228,0.2484,1897,4,8,3.416e-07
IL,11.5,-0.044802861602497406,-0.4215,0.3182,1922,4,8,0.0003536
IL,13.5,-0.009363109540636037,-0.3818,0.381,1415,4,8,0.2586
IL,15.5,0.006400828729281769,-0.3612,0.3818,1448,4,8,0.5532
IL,17.5,0.026003591160220992,-0.3612,0.4404,1448,4,8,0.03499
IL,19.5,9.3546477205463e-06,-0.3612,0.3919,1689,4,8,0.9417
IL,21.5,0.0252573960463531,-0.36035,0.43574999999999997,1467,4,8,0.6361
IL,23.5,0.0388735491753207,-0.34,0.4404,1637,4,8,0.002903
IL,25.5,0.04633575727181545,-0.3136,0.4404,1994,4,8,0.003611
IL,27.5,0.01705962365591398,-0.3818,0.4215,1860,4,8,0.3098
IL,29.5,0.00559397089397089,-0.3818,0.41119999999999995,1924,4,8,0.6416
IL,31.0,0.022212320916905448,-0.4019,0.4215,1047,4,8,0.04169
AZ,1.5,-0.1136479254079254,-0.5362,0.2263,2145,6,4,6.636e-18
AZ,3.5,-0.058770534943917166,-0.4466,0.3182,4636,6,4,3.216e-10
AZ,5.5,-0.03800289017341041,-0.4215,0.34105,1038,6,4,0.01375
AZ,7.5,-0.06809955106621773,-0.46415,0.2732,891,6,4,0.0003208
AZ,9.5,-0.07118217213114754,-0.481,0.296,976,6,4,0.001133
AZ,11.5,-0.09727603686635944,-0.4767,0.227025,868,6,4,8.627e-06
AZ,13.5,-0.02882715877437326,-0.41659999999999997,0.3818,718,6,4,0.1087
AZ,15.5,0.0021342857142857127,-0.3818,0.4019,735,6,4,0.8449
AZ,17.5,-0.0313668044077135,-0.4058,0.3654,726,6,4,0.2464
AZ,19.5,-0.00835389294403893,-0.4019,0.4019,822,6,4,0.9797
AZ,21.5,-0.022152933151432477,-0.4588,0.3818,733,6,4,0.1038
AZ,23.5,-0.02128558246828143,-0.40554999999999997,0.3612,867,6,4,0.2477
AZ,25.5,0.01608903162055336,-0.3818,0.427325,1012,6,4,0.378
AZ,27.5,0.0009103166496424937,-0.4041,0.4019,979,6,4,0.55
AZ,29.5,-0.03604414843006659,-0.44889999999999997,0.37855,1051,6,4,0.03955
AZ,31.0,0.00746068965517241,-0.41345,0.42774999999999996,580,6,4,0.835
CO,1.5,-0.10276218253968253,-0.4939,0.22275,2520,5,5,3.599e-20
CO,3.5,-0.06770572620401973,-0.44002500000000005,0.29435,5274,5,5,1.331e-17
CO,5.5,-0.008168398533007335,-0.33082500000000004,0.34,1636,5,5,0.4385
CO,7.5,-0.03987608867775139,-0.4215,0.36035,1263,5,5,0.07723
CO,9.5,-0.06211231310466139,-0.4404,0.2732,1137,5,5,0.000246
CO,11.5,-0.023054696673189826,-0.42495,0.3818,1022,5,5,0.09689
CO,13.5,0.01703248407643312,-0.3595,0.4329,785,5,5,0.8196
CO,15.5,0.030429891304347832,-0.3612,0.4404,736,5,5,0.2466
CO,17.5,0.03462951219512195,-0.296,0.4199,820,5,5,0.07654
CO,19.5,0.017232611050920915,-0.3818,0.4215,923,5,5,0.04104
CO,21.5,0.013260664112388245,-0.3818,0.43095,783,5,5,0.3156
CO,23.5,0.02754004424778761,-0.343175,0.4404,904,5,5,0.02648
CO,25.5,0.04534845188284519,-0.31915,0.4404,1195,5,5,0.02623
CO,27.5,0.01781135922330097,-0.3818,0.4404,1030,5,5,0.594
CO,29.5,0.021561087420042643,-0.3815,0.42765000000000003,938,5,5,0.3911
CO,31.0,-0.01934680483592401,-0.4019,0.3612,579,5,5,0.4178
FL,1.5,-0.09918269712140175,-0.4939,0.2235,9588,8,9,2.218e-63
FL,3.5,-0.062472351264195904,-0.4404,0.2914,21397,8,9,4.032e-60
FL,5.5,-0.0630207249277296,-0.4404,0.3156,4497,8,9,1.43e-14
FL,7.5,-0.06581866274797943,-0.4727,0.296,4083,8,9,5.061e-14
FL,9.5,-0.078028955954323,-0.46015000000000006,0.25,3678,8,9,6.856e-19
FL,11.5,-0.040020267857142855,-0.4215,0.3182,3360,8,9,1.599e-06
FL,13.5,-0.029649336203803372,-0.4019,0.3612,2787,8,9,0.008771
FL,15.5,0.013815487714072969,-0.34,0.4019,2686,8,9,0.1675
FL,17.5,-0.0018115053763440847,-0.3818,0.3818,2790,8,9,0.5233
FL,19.5,-7.783818356251951e-05,-0.3732,0.39975,3127,8,9,0.3721
FL,21.5,0.013371367939928174,-0.3818,0.4215,3063,8,9,0.2452
FL,23.5,0.0229984131403118,-0.34,0.4019,3592,8,9,0.004926
FL,25.5,0.030364553170244637,-0.34,0.4215,4006,8,9,0.0005608
FL,27.5,0.01804650869674817,-0.3595,0.4199,3967,8,9,0.4045
FL,29.5,0.01907332664828278,-0.3818,0.4215,3989,8,9,0.08914
FL,31.0,-0.016485424028268556,-0.424275,0.4019,2264,8,9,0.2002
MI,1.5,-0.12067491694352159,-0.5423,0.2023,2408,3,9,3.36e-25
MI,3.5,-0.07029149879129734,-0.4404,0.296,4964,3,9,6.516e-18
MI,5.5,-0.052171897163120574,-0.43807500000000005,0.3182,1128,3,9,0.006575
MI,7.5,-0.07139380902413431,-0.4525,0.296,953,3,9,0.0003569
MI,9.5,-0.06518831300813009,-0.4404,0.296,984,3,9,0.01286
MI,11.5,-0.028849781976744183,-0.3818,0.3182,1376,3,9,0.004686
MI,13.5,-0.010568943436499459,-0.3818,0.3818,937,3,9,0.7525
MI,15.5,0.009944767441860463,-0.3182,0.3806,860,3,9,0.4945
MI,17.5,0.013107233065442023,-0.3818,0.4215,871,3,9,0.8968
MI,19.5,-0.009929708737864073,-0.40149999999999997,0.4019,1030,3,9,0.1576
MI,21.5,0.014288084112149534,-0.3818,0.4027,856,3,9,0.7368
MI,23.5,0.03347325,-0.29667499999999997,0.4019,1200,3,9,0.004439
MI,25.5,0.019191728701406122,-0.34,0.4019,1209,3,9,0.4118
MI,27.5,0.02616,-0.3578,0.413225,1270,3,9,0.005886
MI,29.5,-0.009993519278096798,-0.4215,0.3818,1219,3,9,0.692
MI,31.0,0.029857962697274032,-0.3825,0.4588,697,3,9,0.04162
IA,1.5,-0.08673223880597015,-0.474475,0.18764999999999998,670,4,7,0.000133
IA,3.5,-0.05008069444444445,-0.4215,0.29637499999999994,1440,4,7,0.0006656
IA,5.5,-0.04819789227166277,-0.3788,0.25,427,4,7,0.03931
IA,7.5,-0.03231222826086957,-0.4019,0.32830000000000004,368,4,7,0.1335
IA,9.5,-0.07810611620795108,-0.46775,0.27090000000000003,327,4,7,0.04953
IA,11.5,-0.015051651651651652,-0.34,0.3182,333,4,7,0.5206
IA,13.5,0.019523137254901964,-0.34885,0.4135,255,4,7,0.7463
IA,15.5,0.015535573122529643,-0.3818,0.4019,253,4,7,0.9473
IA,17.5,-0.005827272727272724,-0.3612,0.34,275,4,7,0.3688
IA,19.5,0.0430755033557047,-0.272275,0.3612,298,4,7,0.03677
IA,21.5,0.026992452830188682,-0.34,0.4184,265,4,7,0.5941
IA,23.5,0.03598289473684211,-0.364725,0.45244999999999996,304,4,7,0.304
IA,25.5,0.041242948717948716,-0.29922499999999996,0.48067499999999996,312,4,7,0.01046
IA,27.5,0.04432598684210526,-0.36635,0.4404,304,4,7,0.1211
IA,29.5,0.045403216374269,-0.296,0.44475,342,4,7,0.4075
IA,31.0,0.11113333333333333,-0.2263,0.5267,177,4,7,0.003334
OK,1.5,-0.06503848275862069,-0.5052,0.3182,725,6,6,0.007315
OK,3.5,-0.04961192103264997,-0.4215,0.2903,1317,6,6,0.002221
OK,5.5,-0.04165577464788733,-0.4215,0.3173,355,6,6,0.04217
OK,7.5,-0.04944285714285714,-0.3818,0.296,329,6,6,0.2829
OK,9.5,-0.02527275641025641,-0.43927499999999997,0.3612,312,6,6,0.3355
OK,11.5,-0.07366846590909093,-0.4939,0.34,352,6,6,0.001156
OK,13.5,-0.04151872509960159,-0.3818,0.3062,251,6,6,0.4906
OK,15.5,0.03391553030303031,-0.386475,0.5106,264,6,6,0.06591
OK,17.5,-0.0016252396166134163,-0.34,0.3612,313,6,6,0.4508
OK,19.5,0.011881072555205043,-0.3818,0.4215,317,6,6,0.6325
OK,21.5,0.059699603174603176,-0.2732,0.4404,252,6,6,0.1665
OK,23.5,0.06262792207792207,-0.30155,0.46029999999999993,308,6,6,0.03439
OK,25.5,0.04412398921832885,-0.33455,0.476,371,6,6,0.2926
OK,27.5,0.03840725806451613,-0.29922499999999996,0.42857500000000004,372,6,6,0.05538
OK,29.5,0.028010397553516826,-0.3291,0.4588,327,6,6,0.2312
OK,31.0,0.03456453488372093,-0.296,0.422825,172,6,6,0.7472
NC,1.5,-0.08892169556840077,-0.4939,0.2903,2595,6,10,9.696e-13
NC,3.5,-0.027589841358196494,-0.3818,0.3182,7186,6,10,1.239e-05
NC,5.5,-0.04403178294573643,-0.41565,0.3182,1548,6,10,9.302e-05
NC,7.5,-0.04718169605373636,-0.4215,0.3182,1191,6,10,0.01752
NC,9.5,-0.04339054514480408,-0.406775,0.34,1174,6,10,0.02702
NC,11.5,-0.03776839899413244,-0.4019,0.3182,1193,6,10,0.02556
NC,13.5,-0.020728073770491802,-0.39042499999999997,0.3612,976,6,10,0.08859
NC,15.5,0.04521387347391787,-0.2755,0.4215,901,6,10,0.001608
NC,17.5,0.026198783185840704,-0.3612,0.4404,904,6,10,0.09362
NC,19.5,0.04120720802919708,-0.29745,0.4215,1096,6,10,0.04512
NC,21.5,0.05533746835443038,-0.36555,0.4588,790,6,10,0.01826
NC,23.5,0.03259754385964913,-0.34,0.4068,1140,6,10,0.06871
NC,25.5,0.046469272030651335,-0.296,0.431,1305,6,10,0.001137
NC,27.5,0.04690875290472501,-0.3396,0.4404,1291,6,10,0.01182
NC,29.5,0.028570833333333333,-0.3718,0.4404,1176,6,10,0.01026
NC,31.0,0.015103256445047487,-0.3612,0.4019,737,6,10,0.9734
PA,1.5,-0.09737186127167631,-0.4939,0.2023,4325,4,11,1.062e-29
PA,3.5,-0.06315137048649742,-0.4201,0.2617,9887,4,11,9.119e-30
PA,5.5,-0.03425494791666667,-0.4019,0.34,2304,4,11,0.0009557
PA,7.5,-0.07368458354888774,-0.4767,0.3036,1933,4,11,2.514e-07
PA,9.5,-0.04271312108055957,-0.4215,0.3252,2073,4,11,0.00235
PA,11.5,-0.03967935386168602,-0.4215,0.3182,1981,4,11,9.679e-05
PA,13.5,-0.006847901399067291,-0.3818,0.3612,1501,4,11,0.4711
PA,15.5,0.02252739825581395,-0.34,0.4019,1376,4,11,0.012
PA,17.5,-0.0030844978165938904,-0.3818,0.4019,1374,4,11,0.885
PA,19.5,0.001566,-0.3818,0.4019,1650,4,11,0.97
PA,21.5,0.032227121001390815,-0.35964999999999997,0.4404,1438,4,11,0.07723
PA,23.5,0.039159215219976215,-0.3182,0.433875,1682,4,11,0.01206
PA,25.5,0.05229613577023499,-0.3182,0.4404,1915,4,11,3.908e-05
PA,27.5,0.02687473849372385,-0.3612,0.4215,1912,4,11,0.1276
PA,29.5,-0.00892622950819672,-0.4215,0.4021,1891,4,11,0.5703
PA,31.0,0.0021962370649106252,-0.39615,0.4019,1063,4,11,0.3563
UT,1.5,-0.05938133848133849,-0.4215,0.3182,777,5,4,0.0009567
UT,3.5,-0.01632111176818451,-0.3818,0.3612,1691,5,4,0.2284
UT,5.5,-0.06743056234718828,-0.4263,0.34,409,5,4,0.03769
UT,7.5,-0.09008555555555557,-0.4767,0.296,360,5,4,0.007235
UT,9.5,-0.05024949494949495,-0.4547,0.2755,297,5,4,0.007657
UT,11.5,0.021030026109660573,-0.3182,0.4021,383,5,4,0.2969
UT,13.5,0.013636426116838483,-0.3506,0.35475,291,5,4,0.8195
UT,15.5,0.0662403162055336,-0.25,0.4199,253,5,4,0.05384
UT,17.5,0.05442500000000001,-0.28745000000000004,0.48614999999999997,284,5,4,0.418
UT,19.5,0.08278022388059703,-0.25,0.468075,268,5,4,0.08
UT,21.5,0.03991619047619047,-0.329,0.420175,210,5,4,0.2575
UT,23.5,0.037976340694006315,-0.3612,0.4482,317,5,4,0.2565
UT,25.5,0.07351003039513677,-0.2263,0.4404,329,5,4,0.0218
UT,27.5,0.04261155015197568,-0.3432,0.4404,329,5,4,0.07076
UT,29.5,0.02485394321766561,-0.4215,0.4502,317,5,4,0.4747
UT,31.0,0.004686046511627905,-0.44147499999999995,0.4064,172,5,4,0.6523
SC,1.5,-0.09276521739130435,-0.52625,0.28595,1012,7,10,6.194e-05
SC,3.5,-0.06375732984293193,-0.4404,0.28325,2292,7,10,4.095e-07
SC,5.5,-0.026658939096267188,-0.3546,0.3485,509,7,10,0.1803
SC,7.5,-0.02624308176100629,-0.4019,0.3182,636,7,10,0.441
SC,9.5,-0.030714152410575426,-0.3818,0.3326,643,7,10,0.02119
SC,11.5,-0.014368073394495414,-0.3612,0.34,545,7,10,0.1411
SC,13.5,-0.034817965367965366,-0.3818,0.3612,462,7,10,0.06694
SC,15.5,0.02922358208955224,-0.3182,0.42579999999999996,335,7,10,0.4363
SC,17.5,0.018338983050847454,-0.4019,0.47022499999999995,354,7,10,0.6298
SC,19.5,-0.0023290167865707362,-0.4144,0.4215,417,7,10,0.885
SC,21.5,0.04379017543859651,-0.34,0.4404,285,7,10,0.1003
SC,23.5,0.0655436754176611,-0.34,0.5106,419,7,10,0.02038
SC,25.5,0.04539019189765459,-0.296,0.4374,469,7,10,0.03563
SC,27.5,0.02688630136986301,-0.40155,0.45657499999999995,438,7,10,0.6191
SC,29.5,-0.009644779582366592,-0.4019,0.4215,431,7,10,0.9959
SC,31.0,0.0471173144876325,-0.3572,0.4536,283,7,10,0.3519
CT,1.5,-0.06180631793478262,-0.4404,0.3182,1472,3,12,4.447e-05
CT,3.5,-0.03445737197523917,-0.3818,0.3252,3554,3,12,4.73e-05
CT,5.5,-0.06038710407239819,-0.4019,0.28745000000000004,884,3,12,0.003672
CT,7.5,-0.062018220338983056,-0.4215,0.28745000000000004,708,3,12,0.03257
CT,9.5,-0.07108856304985336,-0.4404,0.2732,682,3,12,0.0001451
CT,11.5,-0.008504665629860029,-0.3182,0.3182,643,3,12,0.2281
CT,13.5,0.03825316973415132,-0.34,0.4404,489,3,12,0.09953
CT,15.5,0.04428336755646817,-0.296,0.42069999999999996,487,3,12,0.1831
CT,17.5,0.046793711967545636,-0.3182,0.4173,493,3,12,0.07228
CT,19.5,0.05270015948963317,-0.3182,0.4582,627,3,12,0.05495
CT,21.5,0.022971512770137526,-0.3724,0.4404,509,3,12,0.7958
CT,23.5,0.06741458003169573,-0.302,0.46819999999999995,631,3,12,0.02193
CT,25.5,0.08443997134670488,-0.24905,0.4588,698,3,12,0.002981
CT,27.5,0.06726796267496113,-0.297,0.496,643,3,12,0.001594
CT,29.5,0.035831464174454826,-0.3612,0.4574,642,3,12,0.853
CT,31.0,0.08115226666666667,-0.2732,0.4389,375,3,12,0.0145
WI,1.5,-0.07102983521248918,-0.4767,0.296,1153,3,8,2.982e-05
WI,3.5,-0.058684839319470695,-0.4019,0.2732,2645,3,8,2.608e-08
WI,5.5,-0.028661406844106466,-0.3818,0.3182,526,3,8,0.1927
WI,7.5,-0.07492494529540482,-0.4767,0.2732,457,3,8,0.009098
WI,9.5,-0.0658144761904762,-0.4767,0.3182,525,3,8,0.008133
WI,11.5,-0.017396847635726794,-0.34975,0.3612,571,3,8,0.3971
WI,13.5,-0.007970717131474105,-0.34765,0.3182,502,3,8,0.4898
WI,15.5,0.00976788990825687,-0.38075,0.4019,436,3,8,0.8675
WI,17.5,-0.055450338600451475,-0.41715,0.25,443,3,8,0.1424
WI,19.5,0.042787010309278346,-0.3818,0.4574,485,3,8,0.02409
WI,21.5,0.05396132723112128,-0.3182,0.4588,437,3,8,0.125
WI,23.5,0.045497908745247145,-0.28895000000000004,0.433425,526,3,8,0.1707
WI,25.5,0.08095970425138632,-0.2732,0.4753,541,3,8,0.001003
WI,27.5,0.04047476099426386,-0.3506,0.4404,523,3,8,0.08913
WI,29.5,0.02137666666666667,-0.34,0.4215,510,3,8,0.6795
WI,31.0,0.005245084745762711,-0.4019,0.41169999999999995,295,3,8,0.327
LA,1.5,-0.097734375,-0.48135,0.22917500000000002,1504,7,6,8.283e-11
LA,3.5,-0.06271765053128689,-0.4404,0.296,3388,7,6,2.731e-10
LA,5.5,-0.04502393555811277,-0.4767,0.34,869,7,6,0.03939
LA,7.5,-0.08941081916537867,-0.5423,0.2942,647,7,6,7.96e-05
LA,9.5,-0.04374325699745547,-0.4404,0.3182,786,7,6,0.03759
LA,11.5,-0.008082687927107061,-0.3818,0.3818,878,7,6,0.9051
LA,13.5,0.004773291925465837,-0.3818,0.4019,644,7,6,0.6047
LA,15.5,0.030825856164383558,-0.3182,0.4019,584,7,6,0.04647
LA,17.5,0.022549717514124296,-0.32515,0.42069999999999996,531,7,6,0.4673
LA,19.5,0.019845170454545456,-0.3612,0.4404,704,7,6,0.2327
LA,21.5,0.020769051321928456,-0.3347,0.43095,643,7,6,0.3341
LA,23.5,0.059892693409742126,-0.296,0.4215,698,7,6,0.001695
LA,25.5,0.01615461538461538,-0.3818,0.43927499999999997,780,7,6,0.3129
LA,27.5,0.05602516129032258,-0.34295,0.45105,775,7,6,0.002075
LA,29.5,0.024028121059268603,-0.4391,0.4522,793,7,6,0.08503
LA,31.0,-0.010220674157303378,-0.3818,0.3612,445,7,6,0.8896
MT,1.5,-0.09277493606138107,-0.4939,0.24975,391,3,4,4.253e-05
MT,3.5,-0.036423684210526316,-0.3818,0.3182,684,3,4,0.1585
MT,5.5,-0.03721450381679389,-0.3818,0.3291,131,3,4,0.9707
MT,7.5,-0.08114846153846153,-0.4588,0.2845,130,3,4,0.3191
MT,9.5,-0.057757812500000005,-0.462225,0.3182,128,3,4,0.1999
MT,11.5,-0.08557522123893806,-0.3818,0.1027,113,3,4,0.1313
MT,13.5,-0.05363720930232558,-0.4404,0.34,129,3,4,0.06002
MT,15.5,0.045882954545454546,-0.2558,0.35055,88,3,4,0.321
MT,17.5,0.08341578947368421,-0.29375,0.49255000000000004,95,3,4,0.2871
MT,19.5,-0.036488785046728964,-0.4404,0.39690000000000003,107,3,4,0.1697
MT,21.5,0.0640629213483146,-0.477,0.5725,89,3,4,0.3772
MT,23.5,0.025853719008264477,-0.2944,0.3939,121,3,4,0.9315
MT,25.5,-0.011842187500000004,-0.4404,0.4068,128,3,4,0.4716
MT,27.5,-0.010834459459459461,-0.454125,0.4019,148,3,4,0.7802
MT,29.5,0.041098305084745775,-0.26485000000000003,0.399325,118,3,4,0.2927
MT,31.0,-0.000831428571428575,-0.4939,0.389025,70,3,4,0.324
MN,1.5,-0.07750214375788146,-0.4767,0.2732,1586,3,7,1.075e-08
MN,3.5,-0.04360073394495414,-0.4019,0.3182,3270,3,7,0.0001685
MN,5.5,-0.05199211986681465,-0.4404,0.3182,901,3,7,0.0007196
MN,7.5,-0.007517671809256666,-0.395,0.3802,713,3,7,0.7503
MN,9.5,-0.03400193637621024,-0.3818,0.3182,723,3,7,0.2978
MN,11.5,-0.0065404287901990816,-0.34,0.3612,653,3,7,0.6482
MN,13.5,-0.004848161764705882,-0.4404,0.4215,544,3,7,0.7021
MN,15.5,0.018346621621621623,-0.34,0.4019,592,3,7,0.2506
MN,17.5,0.03469100346020762,-0.34,0.42005,578,3,7,0.251
MN,19.5,0.07300591054313099,-0.25,0.4404,626,3,7,4.772e-05
MN,21.5,0.014896817420435504,-0.34,0.4019,597,3,7,0.4876
MN,23.5,0.051067746913580236,-0.31952499999999995,0.4404,648,3,7,0.001311
MN,25.5,0.07916891064871481,-0.25,0.4588,817,3,7,0.0002124
MN,27.5,0.04701734317343174,-0.3182,0.4215,813,3,7,0.09665
MN,29.5,0.03014183266932271,-0.3612,0.4404,753,3,7,0.285
MN,31.0,0.030003225806451615,-0.3612,0.4404,434,3,7,0.5207
NV,1.5,-0.13770557939914163,-0.57165,0.2023,1398,5,3,2.378e-18
NV,3.5,-0.09525005177770106,-0.481,0.2411,2897,5,3,2.769e-17
NV,5.5,-0.06289612676056337,-0.43379999999999996,0.2732,852,5,3,0.000596
NV,7.5,-0.044620281690140845,-0.4404,0.3612,710,5,3,0.03938
NV,9.5,-0.07836943942133816,-0.4588,0.2103,553,5,3,0.0009499
NV,11.5,-0.0612354954954955,-0.4404,0.296,555,5,3,0.001953
NV,13.5,-0.06552980972515857,-0.4588,0.3182,473,5,3,0.02769
NV,15.5,0.029032530120481924,-0.296,0.4215,415,5,3,0.4446
NV,17.5,-0.02796082251082251,-0.4404,0.3612,462,5,3,0.0545
NV,19.5,-0.020792682926829262,-0.4176,0.3818,533,5,3,0.6088
NV,21.5,0.009133799533799536,-0.4404,0.4404,429,5,3,0.4219
NV,23.5,0.01328371607515657,-0.3759,0.4215,479,5,3,0.7405
NV,25.5,0.009435823429541593,-0.3903,0.4215,589,5,3,0.8279
NV,27.5,0.022704114490160996,-0.3818,0.4199,559,5,3,0.1463
NV,29.5,-0.022568336314847944,-0.3892,0.3612,559,5,3,0.2892
NV,31.0,-0.0429,-0.43679999999999997,0.32365,292,5,3,0.2193
NH,1.5,-0.04123018867924528,-0.434525,0.360775,1166,2,12,0.002585
NH,3.5,-0.01892727272727273,-0.3818,0.3612,3366,2,12,0.05856
NH,5.5,-0.008129561527581325,-0.3818,0.4047,707,2,12,0.7685
NH,7.5,-0.03783828125000001,-0.4215,0.3182,512,2,12,0.03661
NH,9.5,-0.06894514851485149,-0.4404,0.2263,505,2,12,0.003563
NH,11.5,-0.01367127882599581,-0.4019,0.3612,477,2,12,0.4158
NH,13.5,0.04094218362282879,-0.29735,0.4194,403,2,12,0.1834
NH,15.5,-0.005172888888888894,-0.4215,0.39570000000000005,450,2,12,0.1374
NH,17.5,0.03651877729257642,-0.34,0.40369999999999995,458,2,12,0.2225
NH,19.5,0.05714950298210736,-0.296,0.4767,503,2,12,0.006048
NH,21.5,0.06101855468750001,-0.35605,0.4939,512,2,12,0.02134
NH,23.5,0.09922989840348331,-0.2263,0.4939,689,2,12,1.151e-05
NH,25.5,0.1125096368715084,-0.2521,0.5106,716,2,12,1.767e-08
NH,27.5,0.11939555921052632,-0.2023,0.5414,608,2,12,2.874e-07
NH,29.5,0.04235615141955836,-0.34,0.4404,634,2,12,0.1089
NH,31.0,0.042814469453376205,-0.3947,0.49729999999999996,311,2,12,0.1904
NE,1.5,-0.09280092421441774,-0.508,0.2805,541,4,6,0.001044
NE,3.5,-0.032208423913043474,-0.359925,0.3182,1104,4,6,0.1359
NE,5.5,-0.014869178082191778,-0.34445000000000003,0.29719999999999996,292,4,6,0.5787
NE,7.5,-0.04386283783783783,-0.4016,0.296,296,4,6,0.04148
NE,9.5,-0.0472580291970803,-0.4215,0.3182,274,4,6,0.3044
NE,11.5,-0.02520924369747899,-0.34,0.31265,238,4,6,0.8706
NE,13.5,0.09941746031746032,-0.2263,0.4959,189,4,6,0.0008094
NE,15.5,0.08538354430379748,-0.1111,0.41869999999999996,158,4,6,0.09468
NE,17.5,-0.01695572916666666,-0.43485,0.38692499999999996,192,4,6,0.9859
NE,19.5,0.08503015873015875,-0.2263,0.4588,189,4,6,0.2172
NE,21.5,0.05534064516129032,-0.2616,0.4404,155,4,6,0.2981
NE,23.5,0.0019108000000000035,-0.375375,0.3902,250,4,6,0.7835
NE,25.5,0.04405783972125435,-0.296,0.45809999999999995,287,4,6,0.06293
NE,27.5,0.0896531746031746,-0.2732,0.492925,252,4,6,0.004616
NE,29.5,0.04189692982456139,-0.3329,0.4767,228,4,6,0.1703
NE,31.0,0.05418076923076924,-0.29977499999999996,0.43222499999999997,156,4,6,0.1815
TN,1.5,-0.10617614840989398,-0.5267,0.272925,1698,6,8,3.342e-13
TN,3.5,-0.07144703211157963,-0.4404,0.2732,3083,6,8,1.598e-12
TN,5.5,-0.011447977941176472,-0.38097499999999995,0.353775,1088,6,8,0.8122
TN,7.5,-0.06870448369565217,-0.46740000000000004,0.2801,736,6,8,0.0003946
TN,9.5,-0.0638557003257329,-0.4215,0.2579,921,6,8,4.064e-05
TN,11.5,-0.0428522271714922,-0.4215,0.31775,898,6,8,0.02842
TN,13.5,0.0020973765432098735,-0.344875,0.3806,648,6,8,0.8395
TN,15.5,0.017382930513595157,-0.36055,0.4019,662,6,8,0.1057
TN,17.5,0.005020815138282391,-0.3818,0.42079999999999995,687,6,8,0.5071
TN,19.5,0.02712531328320802,-0.34,0.4215,798,6,8,0.04854
TN,21.5,0.0020937232524964357,-0.34,0.3802,701,6,8,0.6474
TN,23.5,0.04986553884711779,-0.3182,0.4404,798,6,8,0.08478
TN,25.5,0.047527721661055,-0.34,0.47605,891,6,8,0.07892
TN,27.5,0.019474884792626726,-0.3612,0.4389,868,6,8,0.2015
TN,29.5,0.017138724373576313,-0.4215,0.4588,878,6,8,0.2632
TN,31.0,0.029891456310679604,-0.3612,0.42945,515,6,8,0.3755
KS,1.5,-0.11323429003021149,-0.5106,0.248475,662,5,6,3.398e-07
KS,3.5,-0.026153660089115214,-0.3818,0.36045000000000005,1571,5,6,0.1445
KS,5.5,-0.04019340974212033,-0.4023,0.3818,349,5,6,0.4933
KS,7.5,0.015680511182108624,-0.3818,0.4314,313,5,6,0.4144
KS,9.5,-0.08181657894736842,-0.4753,0.257525,380,5,6,0.0003258
KS,11.5,-0.04548011527377522,-0.4431,0.3612,347,5,6,0.07152
KS,13.5,-0.041325524475524476,-0.37665,0.27185,286,5,6,0.3384
KS,15.5,0.044606273062730614,-0.296,0.4019,271,5,6,0.2242
KS,17.5,-0.014406463878326996,-0.3811,0.3283,263,5,6,0.6463
KS,19.5,0.031046357615894037,-0.31752499999999995,0.4584,302,5,6,0.1562
KS,21.5,0.05220905511811024,-0.351925,0.4404,254,5,6,0.416
KS,23.5,0.07790595611285267,-0.24905,0.4574,319,5,6,0.004199
KS,25.5,0.11003947368421053,-0.09317500000000001,0.4939,380,5,6,0.0001482
KS,27.5,0.07994923076923077,-0.31599999999999995,0.462325,390,5,6,0.02544
KS,29.5,0.023467032967032966,-0.34,0.383225,364,5,6,0.2165
KS,31.0,-0.01446969696969698,-0.397,0.3802,198,5,6,0.1917
MD,1.5,-0.08489425352112676,-0.4767,0.2732,1775,5,11,2.115e-11
MD,3.5,-0.03748880597014926,-0.3818,0.316475,4020,5,11,1.467e-05
MD,5.5,-0.0268530612244898,-0.4019,0.3182,1225,5,11,0.176
MD,7.5,-0.02579445754716981,-0.4019,0.359925,848,5,11,0.3227
MD,9.5,-0.03745673420738975,-0.3612,0.3071,839,5,11,0.01045
MD,11.5,-0.035229265402843594,-0.359925,0.27595000000000003,844,5,11,0.1231
MD,13.5,0.009317907444668008,-0.34,0.3818,497,5,11,0.6392
MD,15.5,0.04944531772575251,-0.2732,0.4404,598,5,11,0.00403
MD,17.5,-0.0005108589951377675,-0.4003,0.4071,617,5,11,0.857
MD,19.5,0.02008822629969419,-0.38735,0.4168,654,5,11,0.4056
MD,21.5,0.011545312500000003,-0.3612,0.423875,576,5,11,0.8476
MD,23.5,0.03456399456521739,-0.31852499999999995,0.4215,736,5,11,0.7741
MD,25.5,0.046122944785276065,-0.34,0.4582,815,5,11,0.02662
MD,27.5,0.029448426812585502,-0.34,0.43965,731,5,11,0.2617
MD,29.5,0.016609926854754438,-0.3612,0.4144,957,5,11,0.8924
MD,31.0,0.03497898686679174,-0.34,0.4019,533,5,11,0.05331
WV,1.5,-0.10582481751824817,-0.5106,0.1901,411,5,9,0.0006225
WV,3.5,-0.09648876860622463,-0.4588,0.1377,739,5,9,8.293e-09
WV,5.5,-0.10787972350230415,-0.4389,0.1027,217,5,9,0.003243
WV,7.5,-0.122925,-0.493675,0.03225,148,5,9,0.01259
WV,9.5,-0.052186274509803926,-0.296,0.1779,153,5,9,0.3222
WV,11.5,-0.04738224852071006,-0.4404,0.34,169,5,9,0.2699
WV,13.5,-0.03260220588235294,-0.3818,0.33297499999999997,136,5,9,0.5037
WV,15.5,-0.021928873239436614,-0.39827499999999993,0.37135,142,5,9,0.7136
WV,17.5,-0.017899200000000004,-0.34,0.2705,125,5,9,0.9641
WV,19.5,0.08513841059602648,-0.2395,0.49885,151,5,9,0.03327
WV,21.5,0.05607062937062937,-0.296,0.4404,143,5,9,0.1219
WV,23.5,0.11284142857142859,-0.1593,0.5282749999999999,140,5,9,0.11
WV,25.5,0.11435277777777778,-0.23137500000000003,0.545175,144,5,9,0.01906
WV,27.5,0.035302040816326534,-0.3153,0.4317,147,5,9,0.3671
WV,29.5,0.026219999999999993,-0.3818,0.4574,145,5,9,0.9743
WV,31.0,-0.02005733333333334,-0.29569999999999996,0.2732,75,5,9,0.7625
ME,1.5,-0.05346626826029216,-0.4767,0.3182,753,1,13,0.03597
ME,3.5,-0.07381814971751412,-0.44195000000000007,0.2732,1416,1,13,0.0004158
ME,5.5,-0.04996391184573003,-0.4215,0.3257,363,1,13,0.04756
ME,7.5,-0.03535435540069686,-0.4215,0.34,287,1,13,0.1554
ME,9.5,-0.010973397435897437,-0.34,0.3322,312,1,13,0.3286
ME,11.5,-0.017229811320754723,-0.4215,0.4019,265,1,13,0.5838
ME,13.5,-0.05493963963963964,-0.40445,0.3182,222,1,13,0.1596
ME,15.5,0.06721041666666666,-0.296,0.494,240,1,13,0.0883
ME,17.5,0.0494253112033195,-0.2732,0.4404,241,1,13,0.0222
ME,19.5,0.048065116279069765,-0.2732,0.4404,258,1,13,0.04662
ME,21.5,-0.02009838709677419,-0.4767,0.4019,248,1,13,0.2413
ME,23.5,0.02329856630824373,-0.3818,0.4291,279,1,13,0.441
ME,25.5,0.019429428571428577,-0.367725,0.42045,350,1,13,0.726
ME,27.5,0.016560606060606057,-0.3182,0.3818,297,1,13,0.4935
ME,29.5,-0.03844589665653496,-0.4767,0.3559,329,1,13,0.2318
ME,31.0,0.04474022346368716,-0.2903,0.4404,179,1,13,0.5777
MA,1.5,-0.06609286725162751,-0.4404,0.2924,3533,2,13,3.971e-13
MA,3.5,-0.02670343368997263,-0.3818,0.33835,8038,2,13,1.627e-06
MA,5.5,-0.022840755272192252,-0.3818,0.3612,2039,2,13,0.004088
MA,7.5,-0.026168639798488665,-0.3818,0.34,1588,2,13,0.06338
MA,9.5,-0.04839076396807297,-0.4019,0.296,1754,2,13,5.069e-05
MA,11.5,-0.014178029375764995,-0.3818,0.3612,1634,2,13,0.1447
MA,13.5,0.03236823529411765,-0.3182,0.3818,1190,2,13,0.06346
MA,15.5,0.04102361563517916,-0.3182,0.4215,1228,2,13,0.03187
MA,17.5,0.02079473684210526,-0.34845000000000004,0.4019,1178,2,13,0.06516
MA,19.5,0.01216318443804035,-0.3818,0.4215,1388,2,13,0.05795
MA,21.5,0.0028742540494458586,-0.4215,0.4215,1173,2,13,0.8645
MA,23.5,0.049964347202295555,-0.296,0.4404,1394,2,13,0.0001207
MA,25.5,0.05588090298962782,-0.3182,0.4404,1639,2,13,3.032e-05
MA,27.5,0.0657336189848385,-0.296,0.4889,1517,2,13,1.355e-05
MA,29.5,0.048854369538077404,-0.3182,0.4588,1602,2,13,0.0003393
MA,31.0,0.045230316742081444,-0.34,0.4767,884,2,13,0.001293
MS,1.5,-0.16237070422535213,-0.5574,0.0,355,7,7,3.527e-09
MS,3.5,-0.082,-0.4767,0.2732,749,7,7,3.19e-05
MS,5.5,-0.033106557377049185,-0.3818,0.30774999999999997,183,7,7,0.6816
MS,7.5,-0.04652060606060606,-0.4824,0.4404,165,7,7,0.4953
MS,9.5,-0.09722068965517243,-0.4767,0.1027,145,7,7,0.02393
MS,11.5,-0.004531843575418996,-0.39115,0.3508,179,7,7,0.8976
MS,13.5,0.031929710144927535,-0.3627,0.45844999999999997,138,7,7,0.5224
MS,15.5,-0.0021123076923076937,-0.3182,0.313025,130,7,7,0.4791
MS,17.5,0.0036159090909090963,-0.34,0.334575,132,7,7,0.7005
MS,19.5,0.03987974683544304,-0.33455,0.428625,158,7,7,0.3794
MS,21.5,0.06789051094890511,-0.1531,0.4184,137,7,7,0.1582
MS,23.5,0.07486993464052287,-0.3716,0.4939,153,7,7,0.3512
MS,25.5,-0.011426666666666675,-0.46755,0.41169999999999995,195,7,7,0.3517
MS,27.5,0.10099602272727272,-0.242575,0.514325,176,7,7,0.0001816
MS,29.5,0.008154271356783916,-0.4011,0.43474999999999997,199,7,7,0.581
MS,31.0,0.036014678899082574,-0.3818,0.424,109,7,7,0.6951
NM,1.5,-0.10380058139534883,-0.5106,0.2023,516,6,5,0.0004147
NM,3.5,-0.058375754803293683,-0.4348,0.2732,1093,6,5,0.0006121
NM,5.5,-0.09631882352941178,-0.4767,0.12765,255,6,5,0.001398
NM,7.5,-0.03263055555555556,-0.4215,0.3612,216,6,5,0.9789
NM,9.5,-0.09798680203045686,-0.4696,0.2023,197,6,5,0.001103
NM,11.5,-0.062148571428571435,-0.43567500000000003,0.1779,210,6,5,0.05688
NM,13.5,-0.13066149425287357,-0.5384,0.146825,174,6,5,0.005289
NM,15.5,0.008834074074074074,-0.3182,0.3612,135,6,5,0.6323
NM,17.5,-0.07339999999999999,-0.4215,0.238925,174,6,5,0.06947
NM,19.5,0.023127513227513233,-0.34,0.4247,189,6,5,0.6962
NM,21.5,-0.054713496932515336,-0.4588,0.3182,163,6,5,0.1433
NM,23.5,0.00642990196078431,-0.31975,0.30155,204,6,5,0.8809
NM,25.5,0.09253,-0.26525,0.4588,220,6,5,0.04933
NM,27.5,-0.018038009049773755,-0.4019,0.3378,221,6,5,0.3032
NM,29.5,0.020192237442922367,-0.34,0.4404,219,6,5,0.1601
NM,31.0,0.006777611940298503,-0.34,0.3182,134,6,5,0.4737
ID,1.5,-0.10908370221327968,-0.4767,0.2057,497,4,4,1.695e-05
ID,3.5,-0.06635324675324676,-0.4404,0.2732,847,4,4,3.302e-06
ID,5.5,-0.015741397849462366,-0.38547499999999996,0.3612,186,4,4,0.7414
ID,7.5,-0.040080203045685284,-0.3612,0.296,197,4,4,0.6167
ID,9.5,-0.0787451388888889,-0.49807500000000005,0.296,144,4,4,0.0615
ID,11.5,-0.0731557251908397,-0.49205,0.3182,131,4,4,0.2114
ID,13.5,-0.030626717557251923,-0.3818,0.3397,131,4,4,0.4012
ID,15.5,-0.08660666666666668,-0.3818,0.1027,120,4,4,0.3149
ID,17.5,0.022903100775193797,-0.3804,0.4404,129,4,4,0.9954
ID,19.5,-0.062451923076923065,-0.4215,0.3182,156,4,4,0.01659
ID,21.5,0.022105599999999996,-0.3612,0.4404,125,4,4,0.7002
ID,23.5,0.025476744186046518,-0.2568,0.3612,129,4,4,0.7971
ID,25.5,0.024230243902439025,-0.296,0.4003,205,4,4,0.4931
ID,27.5,0.06781768707482992,-0.3512,0.46775,147,4,4,0.1362
ID,29.5,0.0510325,-0.3182,0.44365000000000004,160,4,4,0.07656
ID,31.0,0.012109090909090908,-0.296,0.371375,88,4,4,0.8208
VT,1.5,-0.05205778546712802,-0.3818,0.34,289,2,11,0.1498
VT,3.5,0.0114088809946714,-0.3664,0.4215,563,2,11,0.985
VT,5.5,-0.044269047619047625,-0.402525,0.2558,168,2,11,0.3257
VT,7.5,-0.01975081967213114,-0.329075,0.33455,122,2,11,0.8564
VT,9.5,0.01246363636363636,-0.3113,0.32285,110,2,11,0.1631
VT,11.5,-0.037647368421052624,-0.3071,0.29055,95,2,11,0.5944
VT,13.5,0.08935632183908047,-0.34530000000000005,0.4404,87,2,11,0.108
VT,15.5,0.09717272727272729,-0.128,0.3985,77,2,11,0.1286
VT,17.5,-0.1403174603174603,-0.56915,0.11515,63,2,11,0.02507
VT,19.5,0.040191176470588244,-0.31744999999999995,0.45310000000000006,68,2,11,0.4532
VT,21.5,0.07589411764705882,-0.3595,0.5023,85,2,11,0.4019
VT,23.5,0.07295268817204302,-0.2942,0.4601,93,2,11,0.1463
VT,25.5,0.075531007751938,-0.34,0.4767,129,2,11,0.06655
VT,27.5,0.024589473684210536,-0.3612,0.472225,114,2,11,0.9576
VT,29.5,0.022069902912621366,-0.40164999999999995,0.4404,103,2,11,0.7811
VT,31.0,0.13355068493150685,-0.2263,0.5106,73,2,11,0.0281
SD,1.5,-0.06554666666666668,-0.3919,0.228,165,3,6,0.1445
SD,3.5,-0.052023705722070844,-0.3182,0.19619999999999999,367,3,6,0.01802
SD,5.5,8.681318681319433e-05,-0.24609999999999999,0.1779,91,3,6,0.7362
SD,7.5,-0.06352307692307692,-0.3818,0.1926,65,3,6,0.2286
SD,9.5,-0.14117971014492753,-0.5267,0.0258,69,3,6,0.01711
SD,11.5,-0.025535000000000006,-0.307,0.36072499999999996,100,3,6,0.7484
SD,13.5,-0.04237017543859649,-0.2789,0.1779,57,3,6,0.6173
SD,15.5,0.0854531914893617,-0.1255,0.5105,47,3,6,0.3097
SD,17.5,0.05843000000000001,-0.357425,0.49087499999999995,60,3,6,0.7666
SD,19.5,0.10466909090909093,0.0,0.4019,55,3,6,0.1589
SD,21.5,-0.057971830985915504,-0.5368999999999999,0.43095,71,3,6,0.3858
SD,23.5,0.023622972972972972,-0.27207499999999996,0.3612,74,3,6,0.391
SD,25.5,0.03731764705882351,-0.3818,0.4767,68,3,6,0.5007
SD,27.5,0.0009887499999999883,-0.4404,0.32365,80,3,6,0.9862
SD,29.5,0.03803492063492062,-0.3062,0.47635,63,3,6,0.4722
SD,31.0,0.10293170731707317,-0.1754,0.4995,41,3,6,0.862
RI,1.5,0.02340789049919485,-0.3182,0.4522,621,3,13,0.1089
RI,3.5,-0.032765212765957445,-0.4047,0.3612,940,3,13,0.0373
RI,5.5,-0.05670696517412935,-0.4215,0.25,201,3,13,0.2177
RI,7.5,0.03995155279503105,-0.34,0.4919,161,3,13,0.8411
RI,9.5,-0.14771542857142858,-0.5106,0.0,175,3,13,0.001485
RI,11.5,0.011873333333333333,-0.2714,0.34,165,3,13,0.8903
RI,13.5,0.10172800000000003,-0.2474,0.4576,125,3,13,0.05062
RI,15.5,0.04968214285714286,-0.256975,0.4068,112,3,13,0.125
RI,17.5,-0.005739705882352942,-0.3182,0.3612,136,3,13,0.3881
RI,19.5,0.05205769230769231,-0.2903,0.41722499999999996,130,3,13,0.5172
RI,21.5,0.05671782945736435,-0.296,0.4926,129,3,13,0.3874
RI,23.5,0.11595839416058391,-0.25,0.5502,137,3,13,0.02538
RI,25.5,0.03488253012048194,-0.336925,0.45419999999999994,166,3,13,0.5277
RI,27.5,0.03515755813953489,-0.3797,0.46724999999999994,172,3,13,0.4084
RI,29.5,-0.04763172043010753,-0.46072500000000005,0.374,186,3,13,0.3862
RI,31.0,-0.07590857142857142,-0.5411,0.4019,105,3,13,0.07423
AK,1.5,-0.052039513677811546,-0.4404,0.3182,329,2,2,0.03313
AK,3.5,-0.058845945945945936,-0.4215,0.3087,555,2,2,0.01284
AK,5.5,-0.061297350993377485,-0.4551,0.20955000000000001,151,2,2,0.3207
AK,7.5,0.021629411764705883,-0.4491,0.45185,119,2,2,0.7329
AK,9.5,-0.1708669642857143,-0.5306,0.0,112,2,2,0.005772
AK,11.5,-0.0013623931623931646,-0.2002,0.3248,117,2,2,0.2296
AK,13.5,-0.09467529411764708,-0.5423,0.2263,85,2,2,0.1037
AK,15.5,0.05072166666666668,-0.33275,0.40995,60,2,2,0.9311
AK,17.5,0.04051351351351353,-0.349175,0.395175,74,2,2,0.2788
AK,19.5,0.03857865168539326,-0.2187,0.4019,89,2,2,0.1283
AK,21.5,-0.011445783132530115,-0.296,0.3291,83,2,2,0.6615
AK,23.5,-0.06534022988505747,-0.40164999999999995,0.36375,87,2,2,0.273
AK,25.5,0.011080000000000005,-0.296,0.3595,105,2,2,0.6926
AK,27.5,-0.05650190476190476,-0.5423,0.3612,105,2,2,0.3106
AK,29.5,0.08874392523364488,-0.2768,0.4767,107,2,2,0.05058
AK,31.0,-0.10017200000000001,-0.397175,0.11347499999999999,50,2,2,0.2392
WY,1.5,-0.05326238532110091,-0.4939,0.3182,109,4,5,0.546
WY,3.5,0.011137370242214534,-0.3818,0.4118,289,4,5,0.3784
WY,5.5,0.07617254901960786,-0.24905,0.42535,51,4,5,0.5409
WY,7.5,0.048752941176470575,-0.3818,0.5045499999999999,51,4,5,0.7908
WY,9.5,-0.12543061224489796,-0.5861,0.3182,49,4,5,0.04402
WY,11.5,-0.04779636363636364,-0.2607,0.21939999999999998,55,4,5,0.9002
WY,13.5,0.04598666666666666,-0.2263,0.4199,45,4,5,0.6972
WY,15.5,0.009691428571428589,-0.5103,0.5423,35,4,5,0.3799
WY,17.5,0.006418181818181805,-0.2261,0.25,33,4,5,0.8757
WY,19.5,-0.22414146341463415,-0.7332,0.0,41,4,5,0.0423
WY,21.5,-0.010988571428571427,-0.34440000000000004,0.31145,35,4,5,0.8374
WY,23.5,0.11990652173913045,-0.19,0.50545,46,4,5,0.1432
WY,25.5,0.026221428571428555,-0.539,0.534375,42,4,5,0.8225
WY,27.5,0.07634897959183673,-0.3561,0.5093,49,4,5,0.4332
WY,29.5,0.14071111111111112,-0.0708,0.618525,54,4,5,0.07335
WY,31.0,-0.10318214285714286,-0.632,0.13745000000000002,28,4,5,0.5018
ND,1.5,-0.08523761467889907,-0.4404,0.1779,109,3,5,0.1663
ND,3.5,-0.0986517857142857,-0.3944,0.0516,336,3,5,1.184e-06
ND,5.5,-0.008130434782608683,-0.2748,0.296,69,3,5,0.5982
ND,7.5,-0.08842553191489361,-0.3818,0.1355,47,3,5,0.09698
ND,9.5,-0.04678135593220338,-0.41169999999999995,0.3217,59,3,5,0.4968
ND,11.5,0.04546666666666667,-0.1759,0.4019,69,3,5,0.9367
ND,13.5,-0.13216153846153844,-0.43945,0.04735,39,3,5,0.1776
ND,15.5,0.09842285714285715,0.0,0.38155,35,3,5,0.4448
ND,17.5,0.033518965517241386,-0.16542500000000002,0.33920000000000006,58,3,5,0.82
ND,19.5,0.07682280701754386,-0.3182,0.4767,57,3,5,0.2834
ND,21.5,0.04762295081967212,-0.34,0.4416,61,3,5,0.7402
ND,23.5,0.054201818181818184,-0.064,0.4215,55,3,5,0.7551
ND,25.5,0.16525921052631581,0.0,0.546075,76,3,5,0.01639
ND,27.5,0.018382500000000003,-0.4939,0.474925,80,3,5,0.4176
ND,29.5,0.1574135593220339,-0.08895,0.59605,59,3,5,0.008875
ND,31.0,-0.04548367346938775,-0.4023,0.2244,49,3,5,0.8242
