state,date,sentiment,total,row,col,pval
TX,1,-0.14752036818285766,120212,7,5,0.0
TX,2,-0.06621960807230852,25668,7,5,6.825e-41
TX,3,-0.09424251738165249,123406,7,5,0.0
TX,4,-0.04947530145064365,124979,7,5,3.343e-104
TX,5,-0.031848945545157575,32908,7,5,5.672e-12
TX,6,-0.11466914608555377,30975,7,5,2.73e-143
TX,7,-0.13196082392740788,31629,7,5,6.071e-207
TX,8,-0.08923381811487655,16296,7,5,1.746e-57
TX,9,-0.11037361111111023,16344,7,5,1.144e-66
TX,10,-0.06731650693653245,14921,7,5,1.507e-30
TX,11,-0.06671091777121721,15919,7,5,2.433e-25
TX,12,-0.04847193537823428,18322,7,5,1.218e-18
TX,13,-0.05818701166648798,18686,7,5,6.25e-18
TX,14,-0.033730974715785365,16097,7,5,3.744e-10
TX,15,-0.03458650570401651,12798,7,5,1.658e-08
TX,16,-0.0204788267133646,12563,7,5,0.0003227
TX,17,-0.06799816482925394,14876,7,5,2.686e-24
TX,18,-0.057216527961421515,12857,7,5,2.126e-18
TX,19,-0.06730983574244395,15220,7,5,1.045e-29
TX,20,-0.032365781653746775,15480,7,5,3.011e-09
TX,21,-0.015745722433459983,11572,7,5,0.00592
TX,22,-0.030791038099645045,12966,7,5,0.0001049
TX,23,-0.025782953476593668,13821,7,5,9.908e-06
TX,24,-0.017721214763150344,13764,7,5,0.006372
TX,25,0.011426228663919935,13592,7,5,0.1095
TX,26,-0.023217090173150424,13341,7,5,0.0004556
TX,27,-0.031021196740063005,13988,7,5,1.138e-07
TX,28,-0.007948975735127426,13229,7,5,0.9512
TX,29,-0.04739313679245305,12720,7,5,2.1e-12
TX,30,-0.07166030431562735,14853,7,5,5.557e-24
TX,31,-0.041868693474328714,14374,7,5,8.989e-10
ALL,1,-0.14462541177612614,1398029,0,0,0.0
ALL,2,-0.07945056596123677,281203,0,0,0.0
ALL,3,-0.0858730678284648,1475956,0,0,0.0
ALL,4,-0.048479454369232546,1477336,0,0,0.0
ALL,5,-0.051688510008010065,367955,0,0,0.0
ALL,6,-0.11079253424313452,394240,0,0,0.0
ALL,7,-0.1291230603025665,398026,0,0,0.0
ALL,8,-0.08347355949448852,208347,0,0,0.0
ALL,9,-0.10499000521994228,206898,0,0,0.0
ALL,10,-0.06363601466019053,188265,0,0,1.99e-274
ALL,11,-0.051800222124924244,187282,0,0,3.041e-212
ALL,12,-0.03722882572222508,189657,0,0,4.799e-108
ALL,13,-0.0599135271590577,186181,0,0,1.2e-241
ALL,14,-0.025612607827740035,166817,0,0,2.06e-38
ALL,15,-0.02165563612088074,151292,0,0,6.462e-35
ALL,16,-0.008127139836864904,143317,0,0,4.67e-05
ALL,17,-0.046354993586586034,152025,0,0,2.539e-123
ALL,18,-0.04050697544879141,141826,0,0,2.426e-83
ALL,19,-0.05224616186392309,160221,0,0,6.153e-154
ALL,20,-0.030767346473538435,171078,0,0,8.437e-67
ALL,21,-0.012808902868268836,133530,0,0,9.371e-14
ALL,22,-0.02365560412134463,149854,0,0,1.587e-31
ALL,23,-0.0197412507807838,156894,0,0,5.026e-24
ALL,24,-0.01399384358971105,154798,0,0,3.813e-13
ALL,25,0.008022808661580411,159001,0,0,2.247e-05
ALL,26,-0.01746562805610288,161562,0,0,1.377e-23
ALL,27,-0.019766084274816714,165696,0,0,7.715e-30
ALL,28,-0.010827473444664202,153359,0,0,8.86e-07
ALL,29,-0.05036123360547364,154701,0,0,6.922e-146
ALL,30,-0.04546001318637852,171389,0,0,4.826e-131
ALL,31,-0.0398398210405649,175347,0,0,2.67e-86
OH,1,-0.12932120139617875,40969,4,10,2.836e-250
OH,2,-0.07608312709461228,7758,4,10,1.802e-18
OH,3,-0.08182807402268868,44689,4,10,6.624e-108
OH,4,-0.04307410667930705,44301,4,10,2.848e-27
OH,5,-0.047354259086672956,10730,4,10,2.82e-09
OH,6,-0.10339307939053705,12470,4,10,2.964e-55
OH,7,-0.11953981465737212,11762,4,10,4.414e-61
OH,8,-0.09150468812077857,5034,4,10,1.01e-20
OH,9,-0.0802480672268912,5355,4,10,4.94e-12
OH,10,-0.06214007424429893,5657,4,10,1.831e-09
OH,11,-0.051231589921807055,5755,4,10,1.282e-07
OH,12,-0.017604796981674425,5566,4,10,0.01769
OH,13,-0.05103310917721524,5056,4,10,5.319e-07
OH,14,-0.027845327815290873,4591,4,10,0.0008406
OH,15,-0.006022862912272835,4457,4,10,0.2067
OH,16,0.017590541199414892,4102,4,10,0.09974
OH,17,-0.046377405247813336,4116,4,10,1.476e-05
OH,18,-0.021334863358981188,3769,4,10,0.1036
OH,19,-0.04998906103286389,4260,4,10,3.686e-07
OH,20,-0.03120138217000689,4341,4,10,0.0007516
OH,21,-0.006362900028320564,3531,4,10,0.9855
OH,22,5.947304907474494e-05,4972,4,10,0.5709
OH,23,0.010429315691544275,4837,4,10,0.2015
OH,24,0.009300809880542557,4939,4,10,0.221
OH,25,0.03292649750415978,4808,4,10,0.002392
OH,26,0.008934682080924837,4844,4,10,0.9373
OH,27,0.006976675707090267,5162,4,10,0.4723
OH,28,0.008472031986877144,4877,4,10,0.1091
OH,29,-0.017698174273858953,4820,4,10,0.03404
OH,30,-0.0007898460410557282,5456,4,10,0.3455
OH,31,-0.017045064220183502,5450,4,10,0.1499
AR,1,-0.17176796762069996,6918,6,7,2.12e-69
AR,2,-0.1346983037779491,1297,6,7,2.645e-12
AR,3,-0.1011005700466406,5789,6,7,1.869e-24
AR,4,-0.03785190237986919,6597,6,7,2.458e-05
AR,5,-0.06148265582655833,1476,6,7,0.001942
AR,6,-0.16479917751884868,1459,6,7,3.989e-17
AR,7,-0.1614533987386124,1427,6,7,1.053e-12
AR,8,-0.11431492361927137,851,6,7,1.937e-08
AR,9,-0.11080114464099913,961,6,7,1.274e-05
AR,10,-0.08286414852752871,781,6,7,0.002554
AR,11,-0.07009544270833333,768,6,7,0.01583
AR,12,-0.037731212484994,833,6,7,0.1572
AR,13,-0.08326957040572794,838,6,7,0.002687
AR,14,-0.03815801749271135,686,6,7,0.09755
AR,15,-0.025585335413416555,641,6,7,0.8477
AR,16,0.02069293286219082,566,6,7,0.4759
AR,17,-0.045973393124065814,669,6,7,0.1278
AR,18,-0.08195471380471372,594,6,7,0.06278
AR,19,-0.06994894514767935,711,6,7,0.07391
AR,20,-0.060836973684210496,760,6,7,0.04797
AR,21,-0.027285820895522398,536,6,7,0.1579
AR,22,-0.023472740112994342,708,6,7,0.4214
AR,23,-0.0634635964912281,684,6,7,0.002692
AR,24,-0.04107870503597123,695,6,7,0.1316
AR,25,-0.03221555891238667,662,6,7,0.5431
AR,26,-0.029214697802197796,728,6,7,0.4014
AR,27,-0.010945114942528708,696,6,7,0.7387
AR,28,-0.009051761102603362,653,6,7,0.8601
AR,29,-0.1063296923076922,650,6,7,0.0005409
AR,30,-0.09537586206896556,725,6,7,0.00182
AR,31,-0.0574724503311258,755,6,7,0.04205
VA,1,-0.14305087681159515,27600,6,9,5.283e-190
VA,2,-0.09139359140581624,5399,6,9,1.652e-14
VA,3,-0.0892825661759633,28938,6,9,3.404e-100
VA,4,-0.048450086719945974,29405,6,9,2.612e-24
VA,5,-0.060681743348522686,6803,6,9,2.74e-10
VA,6,-0.10671672862453464,7801,6,9,3.359e-37
VA,7,-0.14583177330426977,7799,6,9,1.603e-70
VA,8,-0.07196369382022447,4272,6,9,9.414e-07
VA,9,-0.11075033894049689,3983,6,9,2.972e-17
VA,10,-0.047891521617069194,3562,6,9,0.0001487
VA,11,-0.04454182641107557,3756,6,9,0.0002431
VA,12,-0.03752280317547218,3653,6,9,1.571e-05
VA,13,-0.047131667140017076,3521,6,9,0.0001936
VA,14,-0.02302334312765261,3063,6,9,0.01095
VA,15,-0.018893771389459302,2922,6,9,0.1084
VA,16,-0.021647761194029884,2747,6,9,0.7341
VA,17,-0.04366136363636363,2816,6,9,0.04161
VA,18,-0.046594462659380644,2745,6,9,0.01081
VA,19,-0.05078871424080474,3181,6,9,1.914e-05
VA,20,-0.03575623043206016,3194,6,9,0.004631
VA,21,-0.02029562071591774,2626,6,9,0.2057
VA,22,-0.0175665433759247,2974,6,9,0.1052
VA,23,0.005936886792452815,3180,6,9,0.3707
VA,24,-0.009625245015207843,2959,6,9,0.1434
VA,25,0.004082291021671835,3230,6,9,0.8229
VA,26,-0.007357466340269246,3268,6,9,0.2458
VA,27,-0.010517669172932344,3192,6,9,0.5367
VA,28,-0.00029388539482878715,2862,6,9,0.5865
VA,29,-0.06257832464146018,3068,6,9,1.515e-07
VA,30,-0.01996797615822265,3691,6,9,0.1651
VA,31,-0.05233393048128345,3740,6,9,3.259e-05
KY,1,-0.16710842877595056,11176,5,8,2.684e-95
KY,2,-0.08410490405117259,1876,5,8,2.83e-05
KY,3,-0.07386939578119438,11188,5,8,5.489e-28
KY,4,-0.05293136282854745,10691,5,8,2.157e-12
KY,5,-0.056870619136960295,2665,5,8,0.0003063
KY,6,-0.13407424631173875,3118,5,8,2.759e-19
KY,7,-0.13621432168712597,3177,5,8,1.243e-21
KY,8,-0.08565183598531206,1634,5,8,0.0001777
KY,9,-0.10920873205741626,1672,5,8,1.353e-06
KY,10,-0.03752639077340565,1474,5,8,0.06823
KY,11,-0.05153200559049607,1431,5,8,0.02429
KY,12,-0.011807625418060205,1495,5,8,0.8359
KY,13,-0.08295190995907238,1466,5,8,0.0001215
KY,14,-0.03478445945945944,1332,5,8,0.0282
KY,15,0.0010051528384279456,1145,5,8,0.5936
KY,16,0.0018968978102189868,1096,5,8,0.5984
KY,17,-0.056537422771403306,1133,5,8,0.05019
KY,18,-0.0374872235872236,1221,5,8,0.02476
KY,19,-0.032068052347959994,1299,5,8,0.1754
KY,20,-0.0322789940828402,1352,5,8,0.9694
KY,21,-0.020935804701627495,1106,5,8,0.03678
KY,22,-0.02226018596787828,1183,5,8,0.6108
KY,23,-0.04463063763608089,1286,5,8,0.004108
KY,24,-0.027933487654320976,1296,5,8,0.09688
KY,25,-0.018534267413931146,1249,5,8,0.4365
KY,26,-0.011122804190169228,1241,5,8,0.7102
KY,27,-0.020967364341085284,1290,5,8,0.207
KY,28,0.01823961605584648,1146,5,8,0.2322
KY,29,-0.023995602462620925,1137,5,8,0.05825
KY,30,-0.032165606508875726,1352,5,8,0.06871
KY,31,-0.039993662490788506,1357,5,8,0.001464
DE,1,-0.0669493461930806,10783,5,12,1.277e-30
DE,2,-0.0869726711026616,2104,5,12,8.49e-07
DE,3,-0.11276302746148861,10451,5,12,3.083e-50
DE,4,-0.1164478869519285,11358,5,12,4.09e-55
DE,5,0.0198927201819955,3077,5,12,0.202
DE,6,-0.1026476765799249,3228,5,12,5.527e-12
DE,7,-0.1782966145833326,3456,5,12,2.981e-42
DE,8,-0.0593945229681978,1698,5,12,9.726e-05
DE,9,-0.08871353383458651,1463,5,12,3.488e-08
DE,10,-0.05199889033942559,1532,5,12,0.3218
DE,11,-0.033139896036387256,1539,5,12,0.0002342
DE,12,-0.03437049562682217,1715,5,12,0.004827
DE,13,-0.023339547270306227,1502,5,12,0.01867
DE,14,-0.007205889724310778,1596,5,12,0.8479
DE,15,0.005590476190476193,1491,5,12,0.7898
DE,16,-0.019063165467625907,1390,5,12,0.8868
DE,17,-0.04047051820728297,1428,5,12,0.2134
DE,18,-0.04921749585406304,1206,5,12,0.00511
DE,19,-0.07244443676572204,1447,5,12,7.923e-06
DE,20,-0.025482394868139743,1403,5,12,0.1311
DE,21,0.00038990099009901085,1010,5,12,0.4866
DE,22,-0.0030596977329974792,1191,5,12,0.7882
DE,23,-0.011093653516294995,1166,5,12,0.2451
DE,24,0.015267018216682623,1043,5,12,0.9309
DE,25,0.05402867012089809,1158,5,12,0.1713
DE,26,0.01991348214285715,1120,5,12,0.2018
DE,27,0.025344238856181697,1189,5,12,0.09789
DE,28,-0.02076936363636364,1100,5,12,0.9911
DE,29,-0.032946217712177185,1084,5,12,0.06112
DE,30,0.003553421052631607,1140,5,12,0.2326
DE,31,0.008812401746724884,1145,5,12,0.9888
AL,1,-0.1414306460296107,14860,7,8,1.372e-97
AL,2,-0.08622936066713008,2878,7,8,3.796e-09
AL,3,-0.10268881127303393,16606,7,8,5.585e-55
AL,4,-0.010311714647836015,16569,7,8,0.1896
AL,5,-0.040036656362699506,3882,7,8,1.911e-06
AL,6,-0.09434844027390318,3943,7,8,4.371e-12
AL,7,-0.11783251748251732,3718,7,8,1.194e-21
AL,8,-0.06431289043133359,2017,7,8,0.001683
AL,9,-0.1110512114014249,2105,7,8,2.919e-11
AL,10,-0.06423846549948509,1942,7,8,0.0002906
AL,11,-0.023057346938775498,1960,7,8,0.7267
AL,12,-0.01271291977611942,2144,7,8,0.8394
AL,13,-0.05848653667595173,2154,7,8,1.772e-06
AL,14,0.005740520043336958,1846,7,8,0.8768
AL,15,-0.009519610159480215,1693,7,8,0.03092
AL,16,-0.03480042117930207,1662,7,8,0.0433
AL,17,-0.06468044568245132,1795,7,8,0.0006094
AL,18,-0.015050882352941178,1700,7,8,0.78
AL,19,-0.030096060442525645,1853,7,8,0.2007
AL,20,-0.01852397364419671,1973,7,8,0.4867
AL,21,0.008526339869281044,1530,7,8,0.3163
AL,22,-0.003969830111306373,1707,7,8,0.9205
AL,23,0.022173222625843238,1927,7,8,0.03061
AL,24,0.02612121827411157,1970,7,8,0.1785
AL,25,0.026848944930519786,1943,7,8,0.9979
AL,26,0.009739870259481018,2004,7,8,0.6193
AL,27,0.038054627313656844,1999,7,8,0.03307
AL,28,0.0006341085271318117,1806,7,8,0.9624
AL,29,-0.04414300433839477,1844,7,8,0.02628
AL,30,-0.014588571428571409,2030,7,8,0.1469
AL,31,-0.023105893271461744,2155,7,8,0.07268
DC,1,-0.1237648318924118,20820,5,10,9.532e-129
DC,2,-0.06969076695541969,4733,5,10,2.666e-12
DC,3,-0.05367030019685213,28448,5,10,4.101e-37
DC,4,-0.015016110678098228,25660,5,10,0.02088
DC,5,-0.055042569737954114,5915,5,10,8.125e-09
DC,6,-0.054611933206625336,7366,5,10,2.521e-08
DC,7,-0.07787306747579816,6921,5,10,2.029e-17
DC,8,-0.03479567884769276,3749,5,10,0.1302
DC,9,-0.05819895048439177,3716,5,10,0.0005522
DC,10,-0.038501710730948664,3215,5,10,0.0007665
DC,11,-0.035003717026378826,3336,5,10,0.02616
DC,12,-0.007520526315789468,2850,5,10,0.1302
DC,13,-0.03363558625840176,2678,5,10,0.1123
DC,14,0.0233742363877822,2259,5,10,0.1768
DC,15,0.006236666666666637,2280,5,10,0.9637
DC,16,0.02466345657781597,2326,5,10,0.1701
DC,17,-0.004797284859641061,2173,5,10,0.8929
DC,18,-0.035887756966651474,2189,5,10,0.07968
DC,19,-0.01742313982011446,2446,5,10,0.02268
DC,20,-0.0037289493865030592,2608,5,10,0.4465
DC,21,-0.004905891238670674,1986,5,10,0.559
DC,22,-0.01902662004662009,2145,5,10,0.09281
DC,23,-0.00012718600953894597,2516,5,10,0.3789
DC,24,0.005579703168872826,2493,5,10,0.1455
DC,25,0.02613370370370371,2700,5,10,0.0007367
DC,26,0.011633959638134982,2874,5,10,0.6288
DC,27,0.013768898488120976,2778,5,10,0.5839
DC,28,0.005305037313432843,2144,5,10,0.7724
DC,29,-0.04882739904472436,2303,5,10,0.002908
DC,30,-0.011587745429925555,2954,5,10,0.8415
DC,31,-0.018189738562091533,3060,5,10,0.06931
NY,1,-0.13517407195311248,89058,3,11,0.0
NY,2,-0.059512635662294415,22943,3,11,1.41e-29
NY,3,-0.07158708278169647,114808,3,11,1.812e-228
NY,4,-0.04344112224994776,110225,3,11,1.449e-87
NY,5,-0.05520557374552846,26266,3,11,6.337e-31
NY,6,-0.10755685592227962,29026,3,11,2.82e-126
NY,7,-0.11501220591261542,29158,3,11,2.666e-142
NY,8,-0.08451182740133127,15481,3,11,1.406e-48
NY,9,-0.1028564076433122,15700,3,11,2.852e-63
NY,10,-0.052559395037635855,14348,3,11,4.098e-20
NY,11,-0.04672157570609473,14127,3,11,2.038e-11
NY,12,-0.0330386523233229,13386,3,11,5.969e-07
NY,13,-0.0599070358565735,12550,3,11,6.419e-19
NY,14,-0.01586854525023779,11569,3,11,0.03521
NY,15,-0.017243552701979446,11214,3,11,0.000496
NY,16,-0.006892097117430879,10338,3,11,0.1366
NY,17,-0.044946854602213974,10571,3,11,9.01e-09
NY,18,-0.04489829579429954,10034,3,11,7.95e-10
NY,19,-0.043281249430834806,10981,3,11,2.335e-07
NY,20,-0.02923878903338038,12073,3,11,1.63e-05
NY,21,-0.0021949239621865896,9732,3,11,0.3249
NY,22,-0.03320525208074222,10453,3,11,3.64e-08
NY,23,-0.03081481583793736,10860,3,11,1.26e-05
NY,24,-0.013716267677234497,10819,3,11,0.123
NY,25,0.009854253724764136,11343,3,11,0.1744
NY,26,-0.024067978395061623,11664,3,11,0.0002271
NY,27,-0.02320520575956379,11737,3,11,0.01053
NY,28,-0.02466798564378649,11145,3,11,0.07202
NY,29,-0.05908613307275471,11257,3,11,1.324e-14
NY,30,-0.03806137643889289,12249,3,11,2.895e-06
NY,31,-0.03711848772147976,12868,3,11,6.821e-06
NJ,1,-0.13999476893203877,25750,4,12,9.014e-171
NJ,2,-0.07021015652792637,5622,4,12,2.625e-12
NJ,3,-0.08323655187445624,27528,4,12,1.959e-64
NJ,4,-0.05526707026040581,28494,4,12,6.748e-36
NJ,5,-0.02398208793849109,8324,4,12,0.001788
NJ,6,-0.10392467277486889,7640,4,12,4.508e-32
NJ,7,-0.13918583762886583,7760,4,12,2.527e-53
NJ,8,-0.08701167411823146,4026,4,12,4.892e-13
NJ,9,-0.1040905255366393,4053,4,12,9.05e-22
NJ,10,-0.07813943732730463,3981,4,12,1.61e-12
NJ,11,-0.060324069352371314,3922,4,12,0.0001129
NJ,12,-0.041612330171750755,3901,4,12,0.001218
NJ,13,-0.043716624185783155,3531,4,12,8.161e-05
NJ,14,-0.026427906976744197,3096,4,12,0.04759
NJ,15,-0.025358434139785013,2976,4,12,0.008951
NJ,16,-0.025262634216177592,2794,4,12,0.002128
NJ,17,-0.05838992686170216,3008,4,12,0.0001374
NJ,18,-0.034437464488636306,2816,4,12,0.1554
NJ,19,-0.05434849951597295,3099,4,12,0.0002043
NJ,20,-0.031185507683037128,3319,4,12,0.2425
NJ,21,-0.005820253164556906,2844,4,12,0.8779
NJ,22,-0.01107898793565686,2984,4,12,0.2158
NJ,23,-0.020473850668405597,3067,4,12,0.02992
NJ,24,-0.01197425876010783,2968,4,12,0.201
NJ,25,-0.00631779359430604,3091,4,12,0.9348
NJ,26,-0.039527340129749754,3237,4,12,7.931e-06
NJ,27,-0.029333199257425766,3232,4,12,0.00574
NJ,28,-0.014589153524299977,3107,4,12,0.9337
NJ,29,-0.05182736176935226,3165,4,12,3.287e-05
NJ,30,-0.04839443954104152,3399,4,12,0.001092
NJ,31,-0.03532063223257128,3543,4,12,0.004385
WA,1,-0.12033956309783543,54154,3,3,8.372e-298
WA,2,-0.07454567008421847,10924,3,3,1.678e-23
WA,3,-0.07853697280378188,62619,3,3,4.663e-138
WA,4,-0.030214996840213067,61713,3,3,2.048e-23
WA,5,-0.0517870978620084,14827,3,3,1.48e-17
WA,6,-0.07108195341328362,17344,3,3,1.122e-36
WA,7,-0.07407819394276192,17995,3,3,7.748e-40
WA,8,-0.05836784304342631,8359,3,3,3.053e-18
WA,9,-0.08358926698221839,7817,3,3,9.798e-20
WA,10,-0.051648159975669065,6576,3,3,6.773e-06
WA,11,-0.040981719945970205,6663,3,3,2.595e-08
WA,12,-0.03402942238267141,5540,3,3,1.027e-06
WA,13,-0.0538136474269817,5752,3,3,7.161e-07
WA,14,-0.016999980930587376,5244,3,3,0.02368
WA,15,-0.018589852666528475,4819,3,3,0.5081
WA,16,0.001302478650281156,4801,3,3,0.7713
WA,17,-0.01822034408602152,4650,3,3,0.1711
WA,18,-0.033249230062054734,4351,3,3,0.03815
WA,19,-0.04342369107321966,4985,3,3,0.0001079
WA,20,-0.026579578246392944,5406,3,3,0.004019
WA,21,-0.015595818651632622,4257,3,3,0.1084
WA,22,0.006983177379983685,4916,3,3,0.2447
WA,23,0.002066143240137756,5222,3,3,0.6187
WA,24,0.015846528555431012,5358,3,3,0.01482
WA,25,0.011468558225508328,5410,3,3,0.3256
WA,26,-0.01221369438366165,5484,3,3,0.002369
WA,27,-0.012860318027514738,5597,3,3,0.2733
WA,28,-0.00756390747467024,5231,3,3,0.4768
WA,29,-0.0352940137389598,5095,3,3,0.0001736
WA,30,-0.03310983347940402,5705,3,3,0.003069
WA,31,-0.029517062937062945,5720,3,3,0.04582
MO,1,-0.15406997819645546,17887,5,7,4.63e-146
MO,2,-0.07585810205908709,3351,5,7,8.023e-10
MO,3,-0.09011660213539949,17046,5,7,2.675e-56
MO,4,-0.040724560561520594,16669,5,7,1.678e-09
MO,5,-0.05012347463856892,4081,5,7,7.735e-05
MO,6,-0.11929798915499347,4426,5,7,3.428e-25
MO,7,-0.1445956880733945,4360,5,7,2.333e-33
MO,8,-0.05400852527669757,3343,5,7,3.611e-08
MO,9,-0.10381315624999987,3200,5,7,1.777e-16
MO,10,-0.07244832517877288,2657,5,7,4.567e-08
MO,11,-0.03141989247311828,2604,5,7,0.07817
MO,12,-0.03145000000000002,2630,5,7,0.05415
MO,13,-0.07049651821862368,2470,5,7,2.533e-08
MO,14,-0.00351713147410357,2259,5,7,0.08524
MO,15,-0.007624441404468747,2193,5,7,0.97
MO,16,0.023181991624011217,2149,5,7,0.02785
MO,17,-0.032322124283825464,2269,5,7,0.2189
MO,18,-0.031136048604860533,2222,5,7,0.4275
MO,19,-0.02458637316561843,2385,5,7,0.341
MO,20,-0.045128261726448675,2537,5,7,0.01644
MO,21,-0.014006415094339598,2120,5,7,0.08614
MO,22,0.001464645426515938,1946,5,7,0.6434
MO,23,-0.043117237953303494,2013,5,7,0.292
MO,24,-0.006722951605174859,2087,5,7,0.7284
MO,25,-0.019324231127679406,2146,5,7,0.08101
MO,26,-0.018544320388349505,2060,5,7,0.004606
MO,27,-0.01973145472061658,2076,5,7,0.6602
MO,28,0.001447424783273845,1961,5,7,0.5729
MO,29,-0.05397333690987125,1864,5,7,0.001893
MO,30,-0.05365406604238533,2029,5,7,0.0001237
MO,31,-0.03302788966725049,2284,5,7,0.03695
OR,1,-0.14813789717357978,26783,4,3,2.592e-194
OR,2,-0.05714936889250823,4912,4,3,4.265e-07
OR,3,-0.08415068258736831,26297,4,3,5.2e-77
OR,4,-0.0681014304082289,24888,4,3,5.323e-43
OR,5,-0.08220658682634738,6012,4,3,7.044e-15
OR,6,-0.1262938120919665,7046,4,3,6.075e-44
OR,7,-0.13124041542220968,7366,4,3,1.333e-49
OR,8,-0.07554939008564741,3853,4,3,2.185e-09
OR,9,-0.1119196670428893,3544,4,3,1.561e-15
OR,10,-0.08449195862529171,2997,4,3,1.341e-09
OR,11,-0.053422897019992414,2651,4,3,2.576e-05
OR,12,-0.037642419716206146,2678,4,3,0.02605
OR,13,-0.07503904179408777,2943,4,3,3.762e-06
OR,14,-0.014772959381044453,2585,4,3,0.03711
OR,15,-0.0412741549876341,2426,4,3,0.005897
OR,16,-0.01545189639222943,2162,4,3,0.4901
OR,17,-0.045597651933701674,2172,4,3,0.03094
OR,18,-0.05612080411407204,2139,4,3,0.003636
OR,19,-0.0383841534612177,2398,4,3,0.09099
OR,20,-0.040626182368520766,2643,4,3,0.002425
OR,21,-0.019342689486552565,2045,4,3,0.04983
OR,22,-0.04217200338839483,2361,4,3,0.03421
OR,23,-0.03454542139384121,2468,4,3,0.005265
OR,24,-0.04077877320419689,2478,4,3,8.976e-05
OR,25,-0.028106546906187593,2505,4,3,0.7643
OR,26,-0.03298922430263668,2617,4,3,0.02564
OR,27,-0.04184921389396702,2735,4,3,0.0004406
OR,28,-0.036211323896752745,2402,4,3,0.01758
OR,29,-0.0932164870259482,2505,4,3,1.412e-08
OR,30,-0.06108934521503298,2581,4,3,0.0009634
OR,31,-0.06563890292313249,2771,4,3,8.117e-06
GA,1,-0.1364370580845852,33434,7,9,3.621e-218
GA,2,-0.09175692771084377,6972,7,9,7.035e-26
GA,3,-0.06834001221030211,42587,7,9,5.871e-75
GA,4,-0.025672633073845798,38024,7,9,8.075e-14
GA,5,-0.026559411157024516,9680,7,9,0.003925
GA,6,-0.10245799757147603,9059,7,9,3.009e-35
GA,7,-0.128743375342466,9125,7,9,3.842e-55
GA,8,-0.08866775171856014,4946,7,9,7.259e-17
GA,9,-0.11080409769882918,4954,7,9,1.394e-18
GA,10,-0.06374964102564093,4875,7,9,1.293e-07
GA,11,-0.0808771130295124,4981,7,9,2.425e-08
GA,12,-0.03933962299365428,5358,7,9,3.161e-05
GA,13,-0.055821167585221355,4899,7,9,3.05e-08
GA,14,-0.029752805280528153,4242,7,9,0.1029
GA,15,-0.034692962760131535,3652,7,9,0.02694
GA,16,-0.029056190208216197,3554,7,9,0.06463
GA,17,-0.0554701983429576,3983,7,9,1.265e-11
GA,18,-0.04042598253275108,3664,7,9,0.0007243
GA,19,-0.04728947768762684,3944,7,9,8.253e-05
GA,20,-0.037388426035503,4225,7,9,0.04634
GA,21,-0.012290075614366774,3174,7,9,0.1157
GA,22,-0.037878846702826034,3503,7,9,0.004407
GA,23,-0.041652652207995855,3827,7,9,0.0003547
GA,24,-0.01824558164072814,3791,7,9,0.01149
GA,25,0.0145857066381156,3736,7,9,0.1719
GA,26,-0.015342602250892139,3643,7,9,0.04354
GA,27,-0.02051229123173273,3832,7,9,0.022
GA,28,-0.005286672095548291,3684,7,9,0.2284
GA,29,-0.04783405720338982,3776,7,9,0.0001661
GA,30,-0.049605024875621954,4020,7,9,0.001879
GA,31,-0.04501514110429462,4075,7,9,0.00156
CA,1,-0.1423144133865528,189324,5,2,0.0
CA,2,-0.08796046099290858,38352,5,2,6.132e-107
CA,3,-0.09153090676681416,189321,5,2,0.0
CA,4,-0.057281208891878564,207380,5,2,6.097e-235
CA,5,-0.05346225326611977,56336,5,2,1.615e-66
CA,6,-0.13427914375228975,60006,5,2,0.0
CA,7,-0.13443051708218656,62814,5,2,0.0
CA,8,-0.08714332171213113,34133,5,2,1.602e-89
CA,9,-0.09869219633426614,32190,5,2,3.541e-120
CA,10,-0.06070600732847009,29747,5,2,2.665e-34
CA,11,-0.047334873656290105,28652,5,2,2.028e-24
CA,12,-0.04151161286106386,30604,5,2,6.565e-18
CA,13,-0.048759545319170865,30219,5,2,5.443e-31
CA,14,-0.024380093869799817,27911,5,2,4.326e-09
CA,15,-0.021850066172047388,24935,5,2,4.48e-05
CA,16,0.008032266956231084,23944,5,2,0.1783
CA,17,-0.04007326829268219,25625,5,2,3.078e-16
CA,18,-0.03204826514985744,22855,5,2,1.501e-12
CA,19,-0.049186546513019215,25079,5,2,9.715e-22
CA,20,-0.02132064348657671,29278,5,2,8.208e-06
CA,21,-0.00047075412676258354,20779,5,2,0.5937
CA,22,-0.016873346525945382,22740,5,2,0.002376
CA,23,-0.013831343541828852,23118,5,2,0.03249
CA,24,-0.014486775191712719,22299,5,2,0.03899
CA,25,0.012146348617521441,23183,5,2,0.0002137
CA,26,-0.008147743297445593,23685,5,2,0.1885
CA,27,-0.0212172010381316,25045,5,2,8.82e-05
CA,28,-0.0018894121254599897,22828,5,2,0.05395
CA,29,-0.040573816725978734,22480,5,2,1.069e-12
CA,30,-0.053351431558629966,24868,5,2,1.136e-35
CA,31,-0.032740642237982995,25380,5,2,1.485e-09
HI,1,-0.149457423392317,4634,7,2,2.411e-34
HI,2,-0.043480560928433235,1034,7,2,0.03989
HI,3,-0.11014476683937842,4825,7,2,7.806e-18
HI,4,-0.07340288442798665,5131,7,2,4.597e-10
HI,5,-0.05729406968124523,1349,7,2,0.008088
HI,6,-0.12039773371104807,1412,7,2,1.922e-09
HI,7,-0.15469818501170945,1708,7,2,2.797e-15
HI,8,-0.11901891551071865,793,7,2,2.383e-06
HI,9,-0.0832668435013263,754,7,2,0.005739
HI,10,-0.05482389830508477,590,7,2,0.1131
HI,11,-0.03810758513931884,646,7,2,0.09784
HI,12,-0.0741118971061093,622,7,2,0.07482
HI,13,-0.03900272206303731,698,7,2,0.3931
HI,14,-0.041125072886297374,686,7,2,0.205
HI,15,-0.05114252252252251,555,7,2,0.1219
HI,16,-0.02085354166666668,480,7,2,0.7489
HI,17,-0.07247315541601253,637,7,2,0.0226
HI,18,-0.010402146690518794,559,7,2,0.4113
HI,19,-0.042363696369636966,606,7,2,0.1906
HI,20,-0.05297982062780273,669,7,2,0.001948
HI,21,-0.051002564102564096,507,7,2,0.4969
HI,22,-0.036768999999999996,600,7,2,0.2389
HI,23,-0.03829245614035085,570,7,2,0.04466
HI,24,0.0010317626527050635,573,7,2,0.3104
HI,25,-0.03996800000000001,650,7,2,0.02709
HI,26,-0.05416407079646018,565,7,2,0.1401
HI,27,-0.05994875000000007,640,7,2,0.01377
HI,28,-0.03513876404494379,534,7,2,0.2591
HI,29,-0.08913415492957735,568,7,2,0.168
HI,30,-0.026854267310789062,621,7,2,0.04654
HI,31,-0.061519193548387065,620,7,2,0.025
IN,1,-0.10813896156991167,51366,4,9,2.358e-206
IN,2,-0.06290839479195125,10983,4,9,2.036e-20
IN,3,-0.10632745691791466,54489,4,9,1.31e-224
IN,4,-0.06680628941194175,54552,4,9,4.087e-93
IN,5,-0.02633858189317963,14061,4,9,0.005161
IN,6,-0.0854902663729224,14979,4,9,5.213e-40
IN,7,-0.13260971542025254,15110,4,9,3.645e-93
IN,8,-0.075585775028991,7761,4,9,1.331e-17
IN,9,-0.09465319616977268,7728,4,9,1.723e-28
IN,10,-0.04977486187845293,7240,4,9,5.752e-09
IN,11,-0.04405747612551148,7330,4,9,3.241e-10
IN,12,-0.04246419087682392,7607,4,9,0.0002959
IN,13,-0.05528372503735897,7361,4,9,1.643e-10
IN,14,-0.027477011152416502,6725,4,9,0.004913
IN,15,-0.011093312260855208,6011,4,9,0.04908
IN,16,-0.02427262028383527,5778,4,9,0.002629
IN,17,-0.053922196493549845,6046,4,9,3.506e-07
IN,18,-0.03819731192180136,5729,4,9,5.741e-06
IN,19,-0.05536334454295315,6542,4,9,1.39e-08
IN,20,-0.029078199261992708,6775,4,9,3.522e-05
IN,21,0.0008996803309514694,5318,4,9,0.5032
IN,22,-0.004267404362946579,6326,4,9,0.6962
IN,23,-0.0033097842835130833,6490,4,9,0.4264
IN,24,-0.00838435996150144,6234,4,9,0.02129
IN,25,0.018182651491848636,6502,4,9,0.006114
IN,26,-0.0064622246187028,6491,4,9,0.5275
IN,27,-0.002601440144014399,6666,4,9,0.6108
IN,28,0.0017971933144118673,6342,4,9,0.8539
IN,29,-0.030807893091591126,6398,4,9,0.001763
IN,30,-0.03728375838926174,6705,4,9,0.000221
IN,31,-0.03289825616355987,6652,4,9,0.002883
IL,1,-0.1324662007066799,38773,4,8,4.454e-258
IL,2,-0.08525002639218793,7578,4,8,3.848e-21
IL,3,-0.09723012870839393,42033,4,8,1.088e-162
IL,4,-0.04603806025509137,41789,4,8,1.497e-49
IL,5,-0.054870100238663455,10475,4,8,1.056e-12
IL,6,-0.12327017070979354,11130,4,8,3.832e-54
IL,7,-0.13507245053272465,11169,4,8,9.036e-83
IL,8,-0.09391654566942435,5923,4,8,2.665e-22
IL,9,-0.129623331748297,6309,4,8,5.403e-47
IL,10,-0.066572382798731,5674,4,8,3.738e-09
IL,11,-0.05804869229419006,5697,4,8,1.747e-09
IL,12,-0.03685802670140002,6142,4,8,0.002716
IL,13,-0.06705487597689425,5886,4,8,2.144e-12
IL,14,-0.026950359984842798,5278,4,8,0.02542
IL,15,-0.02719130701574968,4889,4,8,0.005617
IL,16,-0.017610774710596647,4492,4,8,0.001986
IL,17,-0.035398966853207016,4646,4,8,0.0003198
IL,18,-0.03931368617393342,4289,4,8,0.001796
IL,19,-0.04960535714285723,5152,4,8,0.0001649
IL,20,-0.041634462042599844,5493,4,8,2.269e-05
IL,21,-0.00808267605633801,4260,4,8,0.3886
IL,22,-0.03126164984642377,4558,4,8,0.0337
IL,23,-0.02252174653887119,4695,4,8,0.001722
IL,24,-0.028953440213760867,4491,4,8,0.02651
IL,25,0.012946133739925947,4591,4,8,0.1095
IL,26,-0.03097451289116317,5081,4,8,0.0003402
IL,27,-0.029016792595391024,5294,4,8,0.1229
IL,28,-0.007640416932567542,4701,4,8,0.2857
IL,29,-0.05567853930177778,4669,4,8,0.0004603
IL,30,-0.052758316260011213,5369,4,8,1.819e-08
IL,31,-0.04772733136748997,5426,4,8,5.619e-05
AZ,1,-0.16618541093700073,31270,6,4,1.912e-291
AZ,2,-0.10797709123757937,5535,6,4,2.101e-26
AZ,3,-0.0851083360845178,30290,6,4,5.446e-79
AZ,4,-0.05374391246241302,29930,6,4,8.346e-30
AZ,5,-0.08410062111801227,7084,6,4,2.311e-13
AZ,6,-0.13775019354838616,7750,6,4,7.432e-59
AZ,7,-0.1579910021758608,7813,6,4,5.155e-71
AZ,8,-0.09941140223192613,4122,6,4,1.081e-11
AZ,9,-0.1366697956433865,4453,6,4,8.143e-29
AZ,10,-0.08489767257339326,3781,6,4,2.238e-09
AZ,11,-0.06676931850584537,3507,6,4,1.595e-07
AZ,12,-0.07783104654291066,3717,6,4,4.228e-09
AZ,13,-0.081525142118863,3870,6,4,1.632e-13
AZ,14,-0.048557671800947874,3376,6,4,0.001486
AZ,15,-0.05307182817182813,3003,6,4,0.0001845
AZ,16,-0.021367740767559745,2762,6,4,0.7394
AZ,17,-0.05880709290709286,3003,6,4,0.0005404
AZ,18,-0.07233901079763157,2871,6,4,1.763e-06
AZ,19,-0.06408384184308863,3212,6,4,2.305e-07
AZ,20,-0.05076831915517755,3409,6,4,2.859e-06
AZ,21,-0.06363841010401179,2692,6,4,4.815e-05
AZ,22,-0.04474606274007687,3124,6,4,0.02328
AZ,23,-0.034882772460636036,3239,6,4,0.001282
AZ,24,-0.04805227992400261,3158,6,4,0.001422
AZ,25,-0.029267486170866622,3254,6,4,0.2402
AZ,26,-0.031139367469879504,3320,6,4,0.01128
AZ,27,-0.045701919819311085,3542,6,4,3.204e-06
AZ,28,-0.05075464696223323,3045,6,4,0.05715
AZ,29,-0.07984029850746265,3149,6,4,2.407e-07
AZ,30,-0.0562146354166666,3840,6,4,9.668e-07
AZ,31,-0.048780682428801826,3722,6,4,0.0005141
CO,1,-0.16287516949152575,24780,5,5,1.783e-212
CO,2,-0.07685741228070182,4560,5,5,3.654e-12
CO,3,-0.07715118511731814,25103,5,5,3.347e-60
CO,4,-0.051032017075773414,25299,5,5,1.948e-27
CO,5,-0.06247821220242771,6343,5,5,5.366e-12
CO,6,-0.09402169560258464,7891,5,5,4.266e-31
CO,7,-0.13426661106477653,7194,5,5,5.691e-54
CO,8,-0.08253424913310219,3749,5,5,2.436e-17
CO,9,-0.0938147764449291,3668,5,5,8.314e-18
CO,10,-0.06287249850209699,3338,5,5,8.226e-07
CO,11,-0.049682527052832534,3142,5,5,0.0001209
CO,12,-0.05195870319001383,2884,5,5,9.38e-05
CO,13,-0.07181446111869029,2932,5,5,4.904e-07
CO,14,0.008848065650644783,2559,5,5,0.992
CO,15,-0.009450829383886234,2532,5,5,0.4201
CO,16,0.0004325670498084344,2349,5,5,0.8065
CO,17,-0.03603798836242723,2406,5,5,0.006293
CO,18,-0.0364087571870854,2261,5,5,0.0128
CO,19,-0.0483277021919878,2646,5,5,0.00525
CO,20,-0.028594113449875228,2803,5,5,0.05229
CO,21,-0.02432523447967849,2239,5,5,0.2139
CO,22,-0.04993833400727858,2473,5,5,0.01979
CO,23,-0.038012230215827385,2641,5,5,0.0002061
CO,24,-0.023665573770491822,2623,5,5,0.3148
CO,25,0.024232797202797134,2860,5,5,0.3814
CO,26,-0.019839941596365974,3082,5,5,0.2894
CO,27,-0.027782140350877196,2850,5,5,0.0557
CO,28,-0.023805137118578606,2589,5,5,0.01328
CO,29,-0.05868799542682926,2624,5,5,0.004417
CO,30,-0.05278261022927696,2835,5,5,0.0004265
CO,31,-0.061566298896690165,2991,5,5,2.59e-07
FL,1,-0.1585791824255175,100737,8,9,0.0
FL,2,-0.06534881341873756,21701,8,9,1.307e-40
FL,3,-0.08303208834067886,107176,8,9,3.629e-253
FL,4,-0.058640387746461624,106255,8,9,6.27e-132
FL,5,-0.06422907112320463,25730,8,9,2.418e-48
FL,6,-0.1194424867997956,25189,8,9,1.258e-129
FL,7,-0.13107382230623932,26450,8,9,2.471e-156
FL,8,-0.08578016482355456,14197,8,9,5.071e-45
FL,9,-0.12186242494393372,13823,8,9,1.304e-83
FL,10,-0.08260674287607701,12072,8,9,2.154e-37
FL,11,-0.05971418330773195,11718,8,9,1.24e-15
FL,12,-0.033505425784771656,12201,8,9,3.987e-06
FL,13,-0.06948432369364103,11999,8,9,5.344e-25
FL,14,-0.03638253895086198,10847,8,9,3.369e-05
FL,15,-0.031650005231767184,9557,8,9,5.681e-05
FL,16,-0.023400501799934487,9167,8,9,0.0004994
FL,17,-0.06254798056483424,9879,8,9,1.112e-15
FL,18,-0.03798210960643246,9452,8,9,2.063e-07
FL,19,-0.07093384955752169,10396,8,9,7.891e-26
FL,20,-0.046639558729286934,10923,8,9,2.309e-09
FL,21,-0.043531795038457236,9231,8,9,3.156e-09
FL,22,-0.033746162801979195,10307,8,9,2.219e-10
FL,23,-0.0330207534761367,10644,8,9,8.415e-05
FL,24,-0.02613258620689658,10440,8,9,0.0004635
FL,25,-0.0015502474793767146,10910,8,9,0.2197
FL,26,-0.03411595635549749,10723,8,9,5.805e-05
FL,27,-0.03584264692846395,11281,8,9,1.329e-05
FL,28,-0.018266663521419285,10598,8,9,0.01551
FL,29,-0.04577003131331721,10858,8,9,1.677e-11
FL,30,-0.05321388817093144,11607,8,9,1.463e-12
FL,31,-0.054948851809020545,12106,8,9,1.4e-13
MI,1,-0.15286143149284376,29340,3,9,7.423e-216
MI,2,-0.10604508226691046,5470,3,9,4.793e-23
MI,3,-0.10781158992588574,29819,3,9,3.012e-116
MI,4,-0.058931092034611256,29239,3,9,1.931e-36
MI,5,-0.05428009056176588,7067,3,9,3.415e-12
MI,6,-0.1312760342368032,7711,3,9,2.873e-43
MI,7,-0.15199880952380943,7980,3,9,4.471e-62
MI,8,-0.09741015586945947,4106,3,9,3.242e-16
MI,9,-0.10591976470588238,4250,3,9,1.324e-18
MI,10,-0.07047087378640765,3605,3,9,5.723e-08
MI,11,-0.04972054112554115,4620,3,9,9.753e-09
MI,12,-0.0317225869671728,4082,3,9,0.01624
MI,13,-0.07411907055140851,4153,3,9,1.263e-09
MI,14,-0.028631671309192294,3590,3,9,0.08315
MI,15,-0.025104238368387564,3138,3,9,0.02405
MI,16,-0.022985022483569713,2891,3,9,0.0146
MI,17,-0.04886826954530583,3057,3,9,7.327e-05
MI,18,-0.03830694493160297,2851,3,9,0.007738
MI,19,-0.06754561878952137,3321,3,9,1.498e-11
MI,20,-0.0373286413356361,3474,3,9,0.005654
MI,21,-0.0168263196214052,2747,3,9,0.04881
MI,22,-0.04170195428949991,3019,3,9,0.002513
MI,23,-0.024943311533888228,3364,3,9,0.4782
MI,24,-0.003726169367165991,3271,3,9,0.8082
MI,25,0.0038113320707070754,3168,3,9,0.2384
MI,26,-0.019849925306244468,3347,3,9,0.1586
MI,27,-0.028785171102661513,3682,3,9,0.01169
MI,28,-0.008692479564032709,3670,3,9,0.2231
MI,29,-0.06304231098430828,3505,3,9,6.382e-06
MI,30,-0.06446076360682368,3693,3,9,9.2e-06
MI,31,-0.04102318537859005,3830,3,9,0.0009167
IA,1,-0.16089137983551602,6566,4,7,7.85e-51
IA,2,-0.11266029411764689,1224,4,7,1.27e-05
IA,3,-0.06986263211234953,6907,4,7,7.187e-10
IA,4,-0.040042210576464676,6297,4,7,0.001079
IA,5,-0.06216937313432831,1675,4,7,0.01201
IA,6,-0.13470671563483752,1906,4,7,2.748e-13
IA,7,-0.1665247991967867,1992,4,7,8.067e-25
IA,8,-0.0734143718592964,995,4,7,0.0009319
IA,9,-0.10232074148296609,998,4,7,0.0005272
IA,10,-0.05646340378197997,899,4,7,0.006357
IA,11,-0.04159361702127656,940,4,7,0.6718
IA,12,-0.03956077586206905,928,4,7,0.0273
IA,13,-0.05858453276047265,931,4,7,0.217
IA,14,-0.0073924848484848375,825,4,7,0.3103
IA,15,-0.004849122807017537,741,4,7,0.2241
IA,16,-0.008485532994923854,788,4,7,0.698
IA,17,-0.05734035532994921,788,4,7,0.001708
IA,18,-0.06492766531713899,741,4,7,0.002786
IA,19,0.00040012239902081025,817,4,7,0.8123
IA,20,-0.04384203069657617,847,4,7,0.0733
IA,21,-0.012055894590846054,721,4,7,0.7168
IA,22,-0.03868516687268224,809,4,7,0.7689
IA,23,-0.036775297225891665,757,4,7,0.1476
IA,24,0.020577864583333334,768,4,7,0.2643
IA,25,0.0011122972972972926,740,4,7,0.2425
IA,26,-0.01313009828009828,814,4,7,0.4349
IA,27,-0.0391773881499395,827,4,7,0.4419
IA,28,-0.007843443708609262,755,4,7,0.5563
IA,29,-0.09577187894073136,793,4,7,0.0003643
IA,30,-0.05220400000000005,900,4,7,0.5598
IA,31,-0.03030124013528748,887,4,7,0.8039
OK,1,-0.1516005103603149,9797,6,6,3.634e-96
OK,2,-0.05663271186440666,1770,6,6,0.1039
OK,3,-0.08818583808919932,9462,6,6,5.614e-27
OK,4,-0.026746750331598568,9801,6,6,0.002705
OK,5,-0.035121099077416736,2493,6,6,0.0002341
OK,6,-0.11541142735768903,2354,6,6,5.595e-15
OK,7,-0.14349420803782484,2538,6,6,7.685e-17
OK,8,-0.08953891666666669,1200,6,6,7.743e-06
OK,9,-0.1010093023255815,1333,6,6,0.0001291
OK,10,-0.08767728040540554,1184,6,6,2.861e-06
OK,11,-0.07667462686567163,1139,6,6,0.002526
OK,12,0.002185663082437276,1395,6,6,0.3308
OK,13,-0.07190458786936242,1286,6,6,0.001935
OK,14,-0.04220771375464686,1076,6,6,0.003943
OK,15,-0.026003275332650986,977,6,6,0.1492
OK,16,0.00010159924741297459,1063,6,6,0.5477
OK,17,-0.019396231884057955,1035,6,6,0.1383
OK,18,-0.04547302943969613,1053,6,6,0.2002
OK,19,-0.06881815812337105,1151,6,6,0.007292
OK,20,0.0008073541842772558,1183,6,6,0.5055
OK,21,-0.017361600928074244,862,6,6,0.1915
OK,22,-0.04444864572047672,923,6,6,0.08834
OK,23,-0.024010432330827072,1064,6,6,0.6047
OK,24,-0.04104981273408238,1068,6,6,0.01207
OK,25,0.009802509293680295,1076,6,6,0.1551
OK,26,-0.05328656575212861,1057,6,6,0.2069
OK,27,-0.04505523202911741,1099,6,6,0.2051
OK,28,-0.008943396226415086,1060,6,6,0.7367
OK,29,-0.046751647286821685,1032,6,6,0.04702
OK,30,-0.04992760683760685,1170,6,6,0.02066
OK,31,-0.023869288702928863,1195,6,6,0.4927
NC,1,-0.15322347994434238,33058,6,10,1.239e-286
NC,2,-0.09438102263202044,5965,6,10,4.398e-15
NC,3,-0.05587616263258244,36770,6,10,8.048e-46
NC,4,-0.02148996946140998,36020,6,10,2.389e-10
NC,5,-0.03934859053989482,8372,6,10,3.875e-05
NC,6,-0.1203187884524367,8452,6,10,1.25e-49
NC,7,-0.1388537852840441,8467,6,10,4.013e-59
NC,8,-0.09902824095281713,4366,6,10,1.176e-13
NC,9,-0.1071089323098393,4299,6,10,2.823e-17
NC,10,-0.05957826192205269,4131,6,10,2.686e-08
NC,11,-0.06749803121248504,4165,6,10,2.325e-09
NC,12,-0.02851319857312717,4205,6,10,0.02811
NC,13,-0.06142367586038564,4097,6,10,2.095e-05
NC,14,-0.021404065265486747,3616,6,10,0.00768
NC,15,-0.023112629594721976,3183,6,10,0.0744
NC,16,-0.008165971316818775,3068,6,10,0.5386
NC,17,-0.037637542662115976,3223,6,10,0.01563
NC,18,-0.026429927695693155,3181,6,10,0.006791
NC,19,-0.044570990044247846,3616,6,10,0.0007328
NC,20,-0.008506969459671106,3831,6,10,0.2525
NC,21,0.0016895724713243054,2877,6,10,0.6129
NC,22,-0.026492292808771408,3101,6,10,0.1015
NC,23,-0.028196988126267013,3453,6,10,0.1104
NC,24,-0.010518689733408962,3526,6,10,0.1837
NC,25,0.015089571803087691,3433,6,10,0.02665
NC,26,-0.022227237461900817,3609,6,10,0.1247
NC,27,-0.016976978998384507,3714,6,10,0.2921
NC,28,-0.02287287561576356,3248,6,10,0.3246
NC,29,-0.06226384062312769,3338,6,10,6.528e-06
NC,30,-0.029344435483870997,3720,6,10,0.03369
NC,31,-0.037244977824158663,3833,6,10,5.41e-06
PA,1,-0.15085040110069622,42882,4,11,0.0
PA,2,-0.0846297227988765,8189,4,11,1.17e-27
PA,3,-0.08335623834915527,46134,4,11,3.591e-116
PA,4,-0.04823788825399786,44977,4,11,4.076e-36
PA,5,-0.07531265799256516,10760,4,11,4.799e-18
PA,6,-0.11256385465023137,12494,4,11,6.694e-63
PA,7,-0.1244031074408311,11746,4,11,8.894e-69
PA,8,-0.09452873413602354,6146,4,11,8.881e-24
PA,9,-0.10351151865147515,6407,4,11,6.583e-25
PA,10,-0.06159675021607623,5785,4,11,2.844e-08
PA,11,-0.05876134676564151,5658,4,11,9.814e-09
PA,12,-0.03278043323863635,5632,4,11,0.0004096
PA,13,-0.06212501820830287,5492,4,11,3.477e-11
PA,14,-0.026582463553771467,4733,4,11,0.01039
PA,15,-0.005380525606468998,4452,4,11,0.6874
PA,16,-0.0027011047070124735,4164,4,11,0.2877
PA,17,-0.028790561164592596,4259,4,11,0.003016
PA,18,-0.03933093507144647,3989,4,11,0.0002003
PA,19,-0.05145270583280705,4749,4,11,0.0001376
PA,20,-0.029351991911021228,4945,4,11,0.01355
PA,21,-0.006915277084373421,4006,4,11,0.9658
PA,22,-0.012901082394521727,4527,4,11,0.4131
PA,23,-0.01949589211618265,4820,4,11,0.2631
PA,24,0.0026015926236378634,4772,4,11,0.7654
PA,25,0.02536550665301944,4885,4,11,0.5962
PA,26,-0.028619456830158117,4934,4,11,0.02036
PA,27,-0.01723617484177214,5056,4,11,0.4085
PA,28,-0.027719394979618173,4661,4,11,0.006511
PA,29,-0.07480558312655092,4836,4,11,3.837e-09
PA,30,-0.035428026948989354,5195,4,11,0.0003603
PA,31,-0.04607549290584119,5427,4,11,2.413e-07
UT,1,-0.1372662657265307,7233,5,4,6.028e-49
UT,2,-0.09902163061564069,1202,5,4,0.00037
UT,3,-0.06218517267843413,6515,5,4,7.046e-07
UT,4,-0.03750940217391285,7360,5,4,2.173e-06
UT,5,-0.03794696132596679,1810,5,4,0.0181
UT,6,-0.1404558152476348,1797,5,4,1.458e-18
UT,7,-0.12914508557457158,2045,5,4,1.017e-13
UT,8,-0.11935341130604275,1026,5,4,4.196e-06
UT,9,-0.09556710402999079,1067,5,4,5.555e-08
UT,10,-0.09294772978959032,903,5,4,0.0007014
UT,11,-0.010630072463768117,828,5,4,0.6539
UT,12,0.012123865698729579,1102,5,4,0.02944
UT,13,-0.05374516129032255,992,5,4,0.05085
UT,14,-0.014362354312354303,858,5,4,0.5937
UT,15,0.006348216340621416,869,5,4,0.3714
UT,16,0.048270519480519455,770,5,4,0.03087
UT,17,-0.02864008941877794,671,5,4,0.2828
UT,18,-0.0010744186046511546,774,5,4,0.8279
UT,19,-0.05025681818181816,748,5,4,0.07053
UT,20,0.012194146948941467,803,5,4,0.7446
UT,21,0.008881615120274912,582,5,4,0.7992
UT,22,-0.014375846153846144,650,5,4,0.5323
UT,23,-0.009960927960927922,819,5,4,0.4835
UT,24,-0.0022950542822678024,829,5,4,0.7108
UT,25,0.008038113695090436,774,5,4,0.3118
UT,26,-0.011269267707082831,833,5,4,0.983
UT,27,0.018499999999999992,847,5,4,0.7816
UT,28,-0.001175205479452056,730,5,4,0.5211
UT,29,-0.03055491480996066,763,5,4,0.2516
UT,30,-0.008966817667044158,883,5,4,0.1126
UT,31,-0.05149433962264157,848,5,4,0.121
SC,1,-0.1734824419383662,17912,7,10,3.947e-185
SC,2,-0.07488344512195158,3280,7,10,0.0001296
SC,3,-0.08101260336311805,18019,7,10,2.32e-41
SC,4,-0.03863451922555376,18439,7,10,4.542e-11
SC,5,-0.0582036050895381,4244,7,10,1.03e-06
SC,6,-0.11463587433587454,4329,7,10,9.279e-26
SC,7,-0.10913793952967525,4465,7,10,1.376e-18
SC,8,-0.07573083377031975,1907,7,10,0.0001068
SC,9,-0.10553098019299109,1969,7,10,4.918e-09
SC,10,-0.07034282339043123,1693,7,10,5.853e-05
SC,11,-0.05967813031161456,1765,7,10,4.56e-05
SC,12,-0.0356066740823137,1798,7,10,0.2971
SC,13,-0.07501682408500597,1694,7,10,1.117e-06
SC,14,-0.030944733242134072,1462,7,10,0.9611
SC,15,-0.035341398271798954,1273,7,10,0.003672
SC,16,-0.028944988161010324,1267,7,10,0.2289
SC,17,-0.05751639221556888,1336,7,10,0.08752
SC,18,-0.01799276527331191,1244,7,10,0.8106
SC,19,-0.0616498240675581,1421,7,10,0.000102
SC,20,-0.013145338698859829,1491,7,10,0.6934
SC,21,-0.02386782820097243,1234,7,10,0.1523
SC,22,-0.0363772441395083,1749,7,10,0.006416
SC,23,-0.03280379403794045,1845,7,10,0.8839
SC,24,-0.00857181425485958,1852,7,10,0.1819
SC,25,0.015781837721655,1861,7,10,0.3663
SC,26,-0.014902764067127343,2026,7,10,0.4618
SC,27,-0.015568553123331556,1873,7,10,0.08349
SC,28,-0.007548275862068953,1769,7,10,0.9992
SC,29,-0.05397196044211749,1719,7,10,9.864e-05
SC,30,-0.05114889232354452,1941,7,10,0.0377
SC,31,-0.03751371640407794,2158,7,10,0.0007558
CT,1,-0.12113372255955242,12846,3,12,1.437e-64
CT,2,-0.06437802571860826,2644,3,12,3.194e-05
CT,3,-0.11314240650406544,15375,3,12,7.685e-78
CT,4,-0.06327675734642356,14667,3,12,1.085e-19
CT,5,-0.0552776502732241,3660,3,12,0.0005791
CT,6,-0.10350609007164815,3908,3,12,2.103e-17
CT,7,-0.12258021841648037,4029,3,12,2.693e-22
CT,8,-0.10428134214539907,1967,3,12,9.221e-09
CT,9,-0.09411248120300754,1995,3,12,6.858e-07
CT,10,-0.04859501028806584,1944,3,12,0.003297
CT,11,-0.029270167189132692,1914,3,12,0.09164
CT,12,-0.038004843304843314,1755,3,12,0.0178
CT,13,-0.06768859494415055,1701,3,12,1.261e-05
CT,14,0.0026077704722056155,1673,3,12,0.6281
CT,15,0.004151099267155271,1501,3,12,0.1568
CT,16,0.01452296587926508,1524,3,12,0.386
CT,17,-0.03163684210526317,1577,3,12,0.7843
CT,18,-0.015080085959885386,1396,3,12,0.07088
CT,19,-0.033923152709359576,1624,3,12,0.02885
CT,20,-0.007655689939527215,1819,3,12,0.6967
CT,21,0.024743817787418698,1383,3,12,0.353
CT,22,0.02025476804123713,1552,3,12,0.7727
CT,23,0.0322960806916426,1735,3,12,0.1116
CT,24,0.021407300613496934,1630,3,12,0.1803
CT,25,0.05159113702623906,1715,3,12,0.0005718
CT,26,0.026256666666666737,1710,3,12,0.5086
CT,27,0.026616509136735977,1587,3,12,0.6453
CT,28,0.0005539038101186905,1601,3,12,0.9237
CT,29,-0.042347511027095185,1587,3,12,0.1191
CT,30,-0.013407159763313593,1690,3,12,0.1902
CT,31,0.01646588683351466,1838,3,12,0.02968
WI,1,-0.1636233278573125,12783,3,8,6.522e-139
WI,2,-0.10589932203389865,2360,3,8,1.591e-10
WI,3,-0.08770147405660493,13568,3,8,2.109e-42
WI,4,-0.053177968884370916,12791,3,8,1.148e-19
WI,5,-0.05540811091854412,2885,3,8,0.0005939
WI,6,-0.12678023079259104,3293,3,8,1.415e-26
WI,7,-0.15627246036406336,3406,3,8,1.495e-33
WI,8,-0.10023490351872866,1762,3,8,6.972e-06
WI,9,-0.127203123287671,1825,3,8,4.518e-11
WI,10,-0.08626257861635209,1590,3,8,0.0001393
WI,11,-0.04853575615474798,1706,3,8,0.1436
WI,12,-0.041074166161309905,1649,3,8,0.1085
WI,13,-0.08584093919325717,1661,3,8,1.11e-07
WI,14,-0.03540013289036544,1505,3,8,0.1177
WI,15,-0.03587262247838619,1388,3,8,0.08316
WI,16,-0.0035348154362415903,1192,3,8,0.7538
WI,17,-0.03828074534161492,1288,3,8,0.001547
WI,18,-0.04718091666666674,1200,3,8,0.3422
WI,19,-0.046882618181818235,1375,3,8,0.216
WI,20,-0.05803795997417701,1549,3,8,0.01571
WI,21,-0.04040398642917733,1179,3,8,0.2955
WI,22,-0.03645143266475642,1396,3,8,0.1521
WI,23,-0.012211940298507445,1474,3,8,0.4601
WI,24,-0.04030433911882513,1498,3,8,3.55e-05
WI,25,0.014141606367583265,1382,3,8,0.5916
WI,26,-0.0014386363636363845,1496,3,8,0.5853
WI,27,-0.017399871712636322,1559,3,8,0.3929
WI,28,-0.02660870806566739,1401,3,8,0.6897
WI,29,-0.07779134948096894,1445,3,8,8.073e-06
WI,30,-0.04864522129570241,1559,3,8,0.004857
WI,31,-0.07084387878787875,1650,3,8,0.002769
LA,1,-0.11539781661858928,17679,7,6,2.966e-81
LA,2,-0.06722479482715785,4021,7,6,0.001414
LA,3,-0.08273131145844156,19322,7,6,2.408e-54
LA,4,-0.04653949210157848,20004,7,6,4.109e-13
LA,5,-0.026042843382777847,5191,7,6,0.03824
LA,6,-0.10944886407393106,5194,7,6,9.716e-23
LA,7,-0.14482580941869005,5436,7,6,8.542e-43
LA,8,-0.09759416398138197,2793,7,6,6.706e-13
LA,9,-0.10621539829302985,2812,7,6,9.755e-15
LA,10,-0.04236358601592257,2889,7,6,0.004723
LA,11,-0.023991276202219424,3244,7,6,0.0485
LA,12,-0.04031745797699789,3391,7,6,0.07183
LA,13,-0.03826935434043873,3237,7,6,2.392e-05
LA,14,-0.03203187347931884,2877,7,6,0.003521
LA,15,-0.03333194668820681,2476,7,6,0.1541
LA,16,-0.015943002977456433,2351,7,6,0.01581
LA,17,-0.06309660211910857,2737,7,6,0.0009526
LA,18,-0.04490914687774848,2274,7,6,0.0009592
LA,19,-0.04756480703095155,2617,7,6,0.01008
LA,20,-0.030645522654298957,2803,7,6,0.05989
LA,21,-0.016879445269935612,2019,7,6,0.6102
LA,22,-0.004388232882328814,2439,7,6,0.3561
LA,23,-0.003978034439311206,2381,7,6,0.9013
LA,24,-0.009210927573062236,2361,7,6,0.4794
LA,25,0.010676571184266799,2339,7,6,0.3989
LA,26,-0.01789927782497875,2354,7,6,0.4214
LA,27,-0.008614077669902917,2472,7,6,0.6495
LA,28,0.008165169020111268,2337,7,6,0.06396
LA,29,-0.04065339285714294,2240,7,6,0.3399
LA,30,-0.06090237446477208,2569,7,6,0.01333
LA,31,-0.028573815261044192,2490,7,6,0.03328
MT,1,-0.17006150801916256,4801,3,4,1.807e-51
MT,2,-0.12622814136125649,764,3,4,1.065e-09
MT,3,-0.056684997588036495,4146,3,4,1.227e-08
MT,4,-0.034387334689725255,3932,3,4,0.0004287
MT,5,-0.10392081984897528,927,3,4,8.199e-06
MT,6,-0.10557372188139062,978,3,4,8.016e-09
MT,7,-0.15777847619047636,1050,3,4,6.304e-11
MT,8,-0.08602765567765575,546,3,4,0.07287
MT,9,-0.1248925549915399,591,3,4,1.032e-05
MT,10,-0.09215140997830802,461,3,4,0.3408
MT,11,-0.08845343680709539,451,3,4,0.02331
MT,12,-0.06560235294117653,340,3,4,0.09686
MT,13,-0.0739366047745359,377,3,4,0.05168
MT,14,-0.03132523364485982,428,3,4,0.1294
MT,15,-0.03170134408602153,372,3,4,0.3484
MT,16,-0.046138870431893686,301,3,4,0.1637
MT,17,-0.018409183673469408,294,3,4,0.1528
MT,18,-0.0807551829268293,328,3,4,0.13
MT,19,-0.027076049382716044,405,3,4,0.5509
MT,20,-0.10410981432360741,377,3,4,0.007642
MT,21,-0.024348742138364785,318,3,4,0.1599
MT,22,0.004370810810810803,370,3,4,0.9976
MT,23,-0.007446648044692731,358,3,4,0.7204
MT,24,-0.062456009070294784,441,3,4,0.1048
MT,25,-0.055136318407960225,402,3,4,0.7193
MT,26,-0.026218032786885257,427,3,4,0.7547
MT,27,-0.06748984547461363,453,3,4,0.2592
MT,28,-0.049377239709443126,413,3,4,0.04277
MT,29,-0.04029757869249396,413,3,4,0.9619
MT,30,-0.04708167938931295,393,3,4,0.2627
MT,31,-0.043064908256880696,436,3,4,0.2599
MN,1,-0.14863814195037622,17330,3,7,2.321e-135
MN,2,-0.08444410817772074,3106,3,7,9.104e-13
MN,3,-0.0892940712836867,17255,3,7,3.3e-56
MN,4,-0.05491456965608512,16603,3,7,2.006e-18
MN,5,-0.07173061224489793,4459,3,7,6.687e-09
MN,6,-0.13055504457050185,4936,3,7,5.223e-43
MN,7,-0.14239944401840485,5216,3,7,3.275e-43
MN,8,-0.07620807799442891,2513,3,7,1.328e-06
MN,9,-0.09928829325975538,2537,3,7,2.908e-11
MN,10,-0.06410430300313764,2231,3,7,1.187e-05
MN,11,-0.05778429517502364,2114,3,7,1.391e-05
MN,12,-0.022729528897523082,2059,3,7,0.2237
MN,13,-0.05035984990619143,2132,3,7,0.02081
MN,14,-0.026951287440882824,1903,3,7,0.1004
MN,15,0.003894547325102899,1944,3,7,0.9979
MN,16,0.0007024691358024755,1701,3,7,0.3853
MN,17,-0.014894469525959379,1772,3,7,0.3433
MN,18,-0.05702460701330107,1654,3,7,0.004907
MN,19,-0.038985236625514404,1944,3,7,0.02769
MN,20,-0.0337404056162247,1923,3,7,0.01273
MN,21,-0.016460798650168695,1778,3,7,0.6505
MN,22,-0.03605254143646407,1810,3,7,0.01025
MN,23,-0.017996798292422584,1874,3,7,0.3038
MN,24,0.008000927441353,1833,3,7,0.9461
MN,25,0.028351555136663476,2122,3,7,0.1747
MN,26,0.005430886558627266,2098,3,7,0.2698
MN,27,-0.02125637681159423,2070,3,7,0.09518
MN,28,-0.009972393300918434,1851,3,7,0.6992
MN,29,-0.06118189342990172,1933,3,7,2.069e-05
MN,30,-0.033216396568160174,2098,3,7,0.06136
MN,31,-0.03236887892376682,2230,3,7,0.1054
NV,1,-0.16304767403713716,15241,5,3,6.646e-128
NV,2,-0.09742825561312633,2895,5,3,5.931e-11
NV,3,-0.09395897435897513,14859,5,3,2.143e-44
NV,4,-0.05898313720580788,15976,5,3,1.484e-19
NV,5,-0.046558603550295855,4225,5,3,1.369e-07
NV,6,-0.11399625725962595,4649,5,3,6.057e-29
NV,7,-0.14333656565656566,4455,5,3,4.048e-40
NV,8,-0.09109563148788907,2312,5,3,4.458e-07
NV,9,-0.11155874941670522,2143,5,3,6.815e-13
NV,10,-0.07993204038257173,1882,5,3,0.001135
NV,11,-0.06663429661941099,1834,5,3,0.0001534
NV,12,-0.045666829745596806,2044,5,3,4.35e-05
NV,13,-0.07119155188246094,2178,5,3,0.0003419
NV,14,-0.03587194127243057,1839,5,3,0.2078
NV,15,-0.07103199008059527,1613,5,3,0.0004074
NV,16,-0.02175360501567402,1595,5,3,0.01196
NV,17,-0.07820458155161858,1637,5,3,0.001729
NV,18,-0.03927424328954882,1751,5,3,0.05493
NV,19,-0.059683783783783854,1776,5,3,1.989e-05
NV,20,-0.042233878241262714,1774,5,3,0.0002232
NV,21,-0.018274256707759236,1379,5,3,0.7597
NV,22,-0.0370511201629328,1473,5,3,0.0139
NV,23,-0.036562876712328794,1460,5,3,0.2467
NV,24,-0.016178562091503264,1530,5,3,0.6998
NV,25,-0.01234373897707232,1701,5,3,0.7008
NV,26,-0.0024327741162372585,1669,5,3,0.8812
NV,27,-0.01828762135922331,1648,5,3,0.2813
NV,28,-0.03041221928665789,1514,5,3,0.2344
NV,29,-0.054275245700245695,1628,5,3,0.002854
NV,30,-0.06539938888888885,1800,5,3,0.0001006
NV,31,-0.06955276690888776,1789,5,3,0.003385
NH,1,-0.09285003351955155,8950,2,12,3.327e-32
NH,2,-0.07828671963677634,1762,2,12,0.0002182
NH,3,-0.12958379744666293,11671,2,12,6.453e-75
NH,4,-0.044639704778584054,11991,2,12,9.773e-08
NH,5,-0.041734234930448234,2588,2,12,0.01562
NH,6,-0.07003420965058246,3005,2,12,3.336e-08
NH,7,-0.15140590793765837,2759,2,12,4.169e-20
NH,8,-0.059375474452554616,1370,2,12,0.004404
NH,9,-0.08128031496063005,1270,2,12,3.44e-05
NH,10,-0.05014000000000004,1240,2,12,0.002019
NH,11,-0.016880740740740738,1350,2,12,0.1137
NH,12,-0.010936356404136826,1257,2,12,0.8455
NH,13,-0.014859212481426451,1346,2,12,0.1354
NH,14,0.011407335907335902,1295,2,12,0.6496
NH,15,-0.007854625905068389,1243,2,12,0.9686
NH,16,-0.016860827250608276,1233,2,12,0.06915
NH,17,-0.012154466858789638,1388,2,12,0.5584
NH,18,0.04203842150910665,1153,2,12,0.005898
NH,19,-0.004395720720720718,1332,2,12,0.7202
NH,20,0.021475805297065168,1397,2,12,0.1309
NH,21,0.05332295081967213,1220,2,12,0.1227
NH,22,-0.008352616887648318,1433,2,12,0.3606
NH,23,0.06168623052959499,1605,2,12,0.0008938
NH,24,0.05759338900487118,1437,2,12,0.1077
NH,25,0.0644815527950309,1610,2,12,7.726e-05
NH,26,0.06648342175066307,1508,2,12,3.815e-06
NH,27,0.06597969613259673,1448,2,12,0.1021
NH,28,0.046220194986072397,1436,2,12,0.003733
NH,29,-0.005754888268156412,1432,2,12,0.646
NH,30,0.038228661087866024,1434,2,12,0.00106
NH,31,0.016744186046511605,1419,2,12,0.8138
NE,1,-0.15238573424131308,5727,4,6,3.358e-52
NE,2,-0.12093175965665225,932,4,6,6.031e-06
NE,3,-0.08532448529411742,5440,4,6,7.041e-20
NE,4,-0.041977392681210146,5684,4,6,5.109e-06
NE,5,-0.0686315948601663,1323,4,6,0.0001022
NE,6,-0.09819004250151776,1647,4,6,5.611e-08
NE,7,-0.10255616099071177,1615,4,6,9.223e-11
NE,8,-0.08804317425083238,901,4,6,0.02022
NE,9,-0.10023801843317987,868,4,6,3.045e-07
NE,10,-0.0316600539811066,741,4,6,0.1503
NE,11,-0.045309636871508394,716,4,6,0.04402
NE,12,-0.017518207681365576,703,4,6,0.2446
NE,13,-0.04053536585365856,738,4,6,0.05713
NE,14,-0.03038873456790123,648,4,6,0.1062
NE,15,0.017683333333333367,576,4,6,0.1361
NE,16,0.05076287313432837,536,4,6,0.2144
NE,17,-0.04799611451942745,489,4,6,0.05853
NE,18,-0.03550091743119266,545,4,6,0.01198
NE,19,-0.0456013282732448,527,4,6,0.005332
NE,20,-9.160958904111955e-05,584,4,6,0.4182
NE,21,-0.003000669642857139,448,4,6,0.3308
NE,22,-0.012770363951473126,577,4,6,0.6037
NE,23,0.028816774193548403,620,4,6,0.5764
NE,24,0.008020187793427223,639,4,6,0.5006
NE,25,0.008455421686746983,664,4,6,0.108
NE,26,0.01987203007518797,665,4,6,0.8659
NE,27,-0.004456017191977059,698,4,6,0.885
NE,28,0.03284424920127797,626,4,6,0.2081
NE,29,-0.04291301587301589,630,4,6,0.7168
NE,30,-0.02689941860465116,688,4,6,0.1155
NE,31,-0.011783269961977183,789,4,6,0.0311
TN,1,-0.17114296122820802,23058,6,8,2.798e-243
TN,2,-0.0822567194570136,4420,6,8,6.831e-15
TN,3,-0.08866074684994364,21825,6,8,4.555e-59
TN,4,-0.025561595205164364,21690,6,8,6.307e-07
TN,5,-0.02021894560669449,5975,6,8,0.08402
TN,6,-0.10720381318873562,5717,6,8,6.12e-29
TN,7,-0.1598288576382199,5191,6,8,7.97e-53
TN,8,-0.08387660352276492,3009,6,8,1.666e-08
TN,9,-0.11155394311570782,3094,6,8,8.867e-18
TN,10,-0.059922247191011246,3115,6,8,5.159e-05
TN,11,-0.06618673539518882,2910,6,8,6.239e-05
TN,12,-0.03987154366741855,3103,6,8,0.0154
TN,13,-0.07335085959885383,2792,6,8,8.349e-10
TN,14,-0.04270070160957496,2423,6,8,0.001472
TN,15,-0.020662691269126895,2222,6,8,0.4852
TN,16,0.003761862835959247,2158,6,8,0.9725
TN,17,-0.05302362445414844,2290,6,8,0.001628
TN,18,-0.03708974014336909,2232,6,8,0.05608
TN,19,-0.062471325010068454,2483,6,8,0.0008055
TN,20,-0.03633405549220829,2631,6,8,0.0003304
TN,21,-0.02114650613786592,2118,6,8,0.1229
TN,22,-0.0036380872483221436,2384,6,8,0.944
TN,23,-0.01974807060755335,2436,6,8,0.4775
TN,24,0.007903640081799623,2445,6,8,0.9736
TN,25,-0.0005740711146623857,2503,6,8,0.8619
TN,26,-0.01636242424242423,2475,6,8,0.1691
TN,27,-0.018792380952380918,2520,6,8,0.2646
TN,28,-0.009383304940374784,2348,6,8,0.6638
TN,29,-0.06386848409748033,2421,6,8,3.666e-05
TN,30,-0.05279812499999995,2720,6,8,0.0003008
TN,31,-0.037241525716258175,2897,6,8,0.08886
KS,1,-0.14842804592576073,8971,5,6,8.737e-68
KS,2,-0.08330848999393574,1649,5,6,2.682e-08
KS,3,-0.07586376520477625,8961,5,6,1.253e-26
KS,4,-0.03071766163550328,8878,5,6,0.001276
KS,5,-0.0485220940550132,2254,5,6,0.0126
KS,6,-0.14773844473569278,2289,5,6,2.786e-21
KS,7,-0.15742963118189415,2386,5,6,2.301e-21
KS,8,-0.07709289940828391,1352,5,6,1.079e-07
KS,9,-0.1200780028943561,1382,5,6,1.601e-11
KS,10,-0.07337964444444446,1125,5,6,0.02207
KS,11,-0.04586241319444444,1152,5,6,0.02664
KS,12,-0.0507666385846673,1187,5,6,0.3158
KS,13,-0.08003872881355932,1180,5,6,0.003669
KS,14,-0.047900289296046235,1037,5,6,0.2614
KS,15,-0.024263739669421493,968,5,6,0.6961
KS,16,-0.004976201117318428,895,5,6,0.6878
KS,17,-0.06590787878787871,990,5,6,0.03515
KS,18,-0.022438797814207597,915,5,6,0.7007
KS,19,-0.015999999999999997,972,5,6,0.624
KS,20,-0.03269734513274338,1017,5,6,0.008443
KS,21,-0.03671143552311434,822,5,6,0.08755
KS,22,-0.024577035490605404,958,5,6,0.1651
KS,23,0.0021058127018299413,929,5,6,0.6129
KS,24,-0.015492791878172579,985,5,6,0.4396
KS,25,0.016539014778325135,1015,5,6,0.3617
KS,26,0.007501234567901228,1053,5,6,0.6369
KS,27,-0.006777819548872161,1064,5,6,0.1743
KS,28,-0.015223748668796592,939,5,6,0.526
KS,29,-0.04759808102345418,938,5,6,0.00104
KS,30,-0.0561342307692308,1040,5,6,0.02398
KS,31,-0.08713333333333326,1041,5,6,0.0005186
MD,1,-0.12948253775769167,18142,5,11,1.738e-106
MD,2,-0.0816091698595151,3915,5,11,8.309e-18
MD,3,-0.09055547494033402,20950,5,11,7.481e-69
MD,4,-0.06348943488943483,20350,5,11,3.643e-25
MD,5,-0.046231261243254,5003,5,11,0.0001176
MD,6,-0.051666918918918996,7400,5,11,9.871e-10
MD,7,-0.09795872819879604,6479,5,11,8.704e-27
MD,8,-0.07171477801924855,3221,5,11,1.025e-07
MD,9,-0.09117826975476814,2936,5,11,1.257e-08
MD,10,-0.04970261416280607,3022,5,11,2.364e-07
MD,11,-0.04972575194322389,2959,5,11,0.0002253
MD,12,-0.038855686761963916,3218,5,11,0.007853
MD,13,-0.038033894058697226,2794,5,11,0.02483
MD,14,-0.01683773204196932,2478,5,11,0.589
MD,15,-0.012222364802933086,2182,5,11,0.7727
MD,16,-0.005623879231473038,2186,5,11,0.9979
MD,17,-0.04868137339055791,2330,5,11,0.0002365
MD,18,-0.029739407191448033,2058,5,11,0.1608
MD,19,-0.05247598393574298,2490,5,11,2.692e-05
MD,20,-0.015814579967689785,2476,5,11,0.06064
MD,21,-0.019312409138110012,1926,5,11,0.05283
MD,22,-0.02773181609195411,2175,5,11,0.01454
MD,23,-0.03474217717055973,2269,5,11,0.1115
MD,24,-0.0004931709646609266,2094,5,11,0.6978
MD,25,0.027857523809523752,2100,5,11,0.596
MD,26,-0.017884746484874307,2347,5,11,0.6347
MD,27,-0.012079771328056287,2274,5,11,0.7845
MD,28,0.007604100790513828,2024,5,11,0.65
MD,29,-0.047411291779584495,2214,5,11,0.009039
MD,30,-0.026286432872830317,2823,5,11,0.02341
MD,31,-0.05640023547880689,2548,5,11,0.0007843
WV,1,-0.17902247474747457,4356,5,9,8.219e-53
WV,2,-0.12874111888111886,715,5,9,0.001377
WV,3,-0.09730657764589512,4044,5,9,3.688e-17
WV,4,-0.039559592686877816,4321,5,9,8.029e-05
WV,5,-0.07052822410147973,946,5,9,0.01675
WV,6,-0.1125083859332732,1109,5,9,1.272e-08
WV,7,-0.118988487804878,1025,5,9,7.746e-08
WV,8,-0.05696383838383834,495,5,9,0.3051
WV,9,-0.06465726495726494,585,5,9,0.08028
WV,10,-0.06174692737430167,537,5,9,0.06221
WV,11,-0.046833612040133775,598,5,9,0.4579
WV,12,0.00606939571150097,513,5,9,0.8007
WV,13,-0.03276863117870721,526,5,9,0.8715
WV,14,-0.0021382488479262237,434,5,9,0.873
WV,15,-0.04771470588235291,408,5,9,0.8055
WV,16,-0.05126428571428569,350,5,9,0.193
WV,17,-0.02271753986332574,439,5,9,0.6606
WV,18,-0.05120365853658535,410,5,9,0.6593
WV,19,-0.0687390022675737,441,5,9,0.007705
WV,20,-0.00034259259259258786,432,5,9,0.4839
WV,21,0.02007017045454548,352,5,9,0.4654
WV,22,-0.02749723756906075,362,5,9,0.3396
WV,23,0.017089810426540293,422,5,9,0.6354
WV,24,-0.048556498673740046,377,5,9,0.3303
WV,25,0.01114380952380952,420,5,9,0.5051
WV,26,-0.04880181347150255,386,5,9,0.5997
WV,27,-0.032612925170068016,441,5,9,0.02144
WV,28,-0.041250862068965506,348,5,9,0.7627
WV,29,-0.04110934065934066,364,5,9,0.8191
WV,30,-0.044004203539823,452,5,9,0.08693
WV,31,-0.022767945823927785,443,5,9,0.3862
ME,1,-0.12318854933266707,8017,1,13,3.039e-46
ME,2,-0.09646495564005068,1578,1,13,5.465e-07
ME,3,-0.11300939859084108,7948,1,13,6.12e-38
ME,4,-0.08483027908125439,8098,1,13,1.037e-19
ME,5,-0.04394254317111455,1911,1,13,0.02407
ME,6,-0.12835981349911224,2252,1,13,1.666e-12
ME,7,-0.15974579354251894,2199,1,13,2.732e-21
ME,8,-0.08196426202321737,1206,1,13,0.001599
ME,9,-0.07884815112540207,1244,1,13,2.205e-05
ME,10,-0.06147068493150692,1095,1,13,0.247
ME,11,-0.03284910714285712,1008,1,13,0.6591
ME,12,-0.029620119521912378,1004,1,13,0.4183
ME,13,-0.04599796107506949,1079,1,13,0.00718
ME,14,-0.03034850976361771,973,1,13,0.98
ME,15,0.003376361529548104,863,1,13,0.8129
ME,16,-0.00751936274509804,816,1,13,0.9935
ME,17,-0.031075995575221248,904,1,13,0.4173
ME,18,-0.02420617906683479,793,1,13,0.8935
ME,19,-0.0554321756894791,979,1,13,0.0001236
ME,20,-0.030286213991769544,972,1,13,0.488
ME,21,0.03202795180722898,830,1,13,0.08609
ME,22,-0.040599067599067576,858,1,13,0.1568
ME,23,-0.011899570354457557,931,1,13,0.0339
ME,24,-0.010119620958751371,897,1,13,0.5948
ME,25,-0.011790930787589497,838,1,13,0.7119
ME,26,-0.016841195304162226,937,1,13,0.2413
ME,27,-0.012646119235095593,889,1,13,0.9103
ME,28,-0.0061399092970521405,882,1,13,0.2664
ME,29,-0.01337919463087243,894,1,13,0.1623
ME,30,-0.022960484720758702,949,1,13,0.4716
ME,31,-0.04522887975334011,973,1,13,0.0111
MA,1,-0.11890592587655,30004,2,13,8.261e-144
MA,2,-0.09407086375779214,5615,2,13,6.933e-21
MA,3,-0.08094273522003219,33745,2,13,9.042e-84
MA,4,-0.03724235897122913,32777,2,13,8.296e-18
MA,5,-0.06790173045345461,7917,2,13,3.384e-14
MA,6,-0.08004798994974839,9154,2,13,1.061e-20
MA,7,-0.08741209556460287,9334,2,13,9.825e-26
MA,8,-0.06356966171083829,4641,2,13,1.502e-09
MA,9,-0.07776633326239618,4699,2,13,3.496e-12
MA,10,-0.048871315405461614,4797,2,13,0.0001691
MA,11,-0.016377894075779775,4777,2,13,0.08401
MA,12,-0.007277161383285337,4164,2,13,0.9129
MA,13,-0.05308575616906922,4093,2,13,0.0003962
MA,14,0.0017203494623656045,3720,2,13,0.9853
MA,15,0.012609210174029445,3735,2,13,0.2062
MA,16,0.010211447607510539,3302,2,13,0.5944
MA,17,-0.01874071819841753,3286,2,13,0.1648
MA,18,-0.025549143944197834,3154,2,13,0.0325
MA,19,-0.03231388592750527,3752,2,13,0.002324
MA,20,-0.010533384340729425,3921,2,13,0.7374
MA,21,0.012327009003001026,2999,2,13,0.8159
MA,22,-0.028394351878000604,3541,2,13,0.003613
MA,23,0.0013089511997842794,3709,2,13,0.6339
MA,24,-0.004488265864332595,3656,2,13,0.7744
MA,25,0.035728744209984564,3886,2,13,0.001473
MA,26,0.014707118992546859,3891,2,13,0.8532
MA,27,0.02504818905728224,3893,2,13,0.04277
MA,28,0.009031008403361355,3570,2,13,0.1045
MA,29,-0.026224861419068754,3608,2,13,0.401
MA,30,-0.010132029887920325,4015,2,13,0.3303
MA,31,-0.0009880542767143935,4127,2,13,0.463
MS,1,-0.15253394531249984,5120,7,7,4.08e-39
MS,2,-0.054081581685744055,961,7,7,0.007777
MS,3,-0.07979485396383873,5033,7,7,3.282e-11
MS,4,-0.015629688672167998,5332,7,7,0.5044
MS,5,-0.02557229729729733,1184,7,7,0.362
MS,6,-0.07786090104585686,1243,7,7,0.0007586
MS,7,-0.1601059640522874,1224,7,7,4.531e-12
MS,8,-0.07321925287356323,696,7,7,0.0001426
MS,9,-0.09085698051948048,616,7,7,0.03063
MS,10,-0.07634133738601823,658,7,7,0.2003
MS,11,-0.04731895043731779,686,7,7,0.0003825
MS,12,-0.04687280487804881,820,7,7,0.007092
MS,13,-0.06137986666666671,750,7,7,0.6481
MS,14,-0.016913385826771654,635,7,7,0.5692
MS,15,0.009956851851851873,540,7,7,0.3082
MS,16,0.0302738229755179,531,7,7,0.684
MS,17,-0.05096382252559726,586,7,7,0.2305
MS,18,-0.016083901515151516,528,7,7,0.2837
MS,19,-0.08643681506849311,584,7,7,0.003304
MS,20,-0.015119001610305965,621,7,7,0.7974
MS,21,0.012114003590664274,557,7,7,0.6266
MS,22,-0.021511270491803243,488,7,7,0.2638
MS,23,-0.020968888888888863,585,7,7,0.4211
MS,24,0.003726610169491516,590,7,7,0.9247
MS,25,0.011065084745762715,590,7,7,0.6617
MS,26,-0.026173754152823914,602,7,7,0.6027
MS,27,0.002214897260273965,584,7,7,0.7746
MS,28,0.002155535714285717,560,7,7,0.5575
MS,29,-0.03523159784560141,557,7,7,0.3756
MS,30,-0.045134142640364174,659,7,7,0.006014
MS,31,-0.024490755007704174,649,7,7,0.04415
NM,1,-0.17378376727740186,6222,6,5,1.757e-68
NM,2,-0.08071198275862075,1160,6,5,0.009798
NM,3,-0.08297657866296142,6477,6,5,5.6e-22
NM,4,-0.07579059967585071,6170,6,5,1.281e-13
NM,5,-0.07867141905396398,1501,6,5,0.000662
NM,6,-0.17940853510895918,1652,6,5,4.406e-19
NM,7,-0.15275503875968993,1677,6,5,1.373e-10
NM,8,-0.09510387323943671,852,6,5,1.697e-05
NM,9,-0.0873246941045606,899,6,5,4.592e-05
NM,10,-0.05506232294617567,706,6,5,0.01664
NM,11,-0.05289523212045166,797,6,5,0.001403
NM,12,-0.05970531914893622,752,6,5,0.1378
NM,13,-0.07563362720403026,794,6,5,0.0001178
NM,14,-0.04250188679245283,636,6,5,0.08061
NM,15,-0.03741578014184397,564,6,5,0.4385
NM,16,-0.029141621621621608,555,6,5,0.02784
NM,17,-0.01423608247422679,582,6,5,0.5128
NM,18,-0.05140213464696226,609,6,5,1.049e-05
NM,19,-0.03717496360989809,687,6,5,0.08144
NM,20,-0.01844492131616596,699,6,5,0.8355
NM,21,-0.03508240574506284,557,6,5,0.7829
NM,22,-0.08576759581881539,574,6,5,0.07597
NM,23,-0.032656177924217475,607,6,5,0.3775
NM,24,-0.049745037037037025,675,6,5,0.06228
NM,25,-0.0006846364883401718,729,6,5,0.7177
NM,26,-0.022057788161993767,642,6,5,0.9315
NM,27,-0.05830475543478262,736,6,5,0.03906
NM,28,-0.03937883435582819,652,6,5,0.6384
NM,29,-0.05822295081967214,671,6,5,0.01085
NM,30,-0.06292359550561799,712,6,5,0.01146
NM,31,-0.014345442708333317,768,6,5,0.7479
ID,1,-0.14883229268292653,5125,4,4,1.347e-42
ID,2,-0.025304396728016324,978,4,4,0.4341
ID,3,-0.09008072237657656,4679,4,4,2.237e-19
ID,4,-0.03490380932556168,4804,4,4,0.001621
ID,5,-0.05097302504816954,1038,4,4,0.01729
ID,6,-0.11526377459749554,1118,4,4,1.196e-06
ID,7,-0.13321027732463278,1226,4,4,1.87e-08
ID,8,-0.07453966565349547,658,4,4,0.1358
ID,9,-0.13691611940298518,670,4,4,3.883e-06
ID,10,-0.0646948623853211,545,4,4,0.02374
ID,11,-0.08252556818181823,528,4,4,0.002827
ID,12,-0.04781718749999998,448,4,4,0.3516
ID,13,-0.08177043314500936,531,4,4,0.000211
ID,14,-0.010033584905660364,530,4,4,0.8279
ID,15,-0.025544799999999986,500,4,4,0.1844
ID,16,-0.030671052631578957,380,4,4,0.6007
ID,17,-0.0010718009478672959,422,4,4,0.306
ID,18,-0.07245252747252745,455,4,4,0.07145
ID,19,-0.09184669509594887,469,4,4,0.01001
ID,20,-0.024266074950690344,507,4,4,0.1728
ID,21,-0.07565702005730658,349,4,4,0.05233
ID,22,-0.05013468468468471,444,4,4,0.7878
ID,23,-0.08232142857142871,462,4,4,0.1287
ID,24,-0.02872700421940929,474,4,4,0.3818
ID,25,-0.025966223908918395,527,4,4,0.2391
ID,26,-0.03630615114235501,569,4,4,0.0445
ID,27,0.012758953722334024,497,4,4,0.3677
ID,28,-0.05946865979381444,485,4,4,0.06417
ID,29,-0.04061209829867674,529,4,4,0.5893
ID,30,-0.017815485074626873,536,4,4,0.4059
ID,31,-0.05985357142857137,588,4,4,0.3707
VT,1,-0.1740510235026538,2638,2,11,4.556e-33
VT,2,-0.09578337028824827,451,2,11,0.0641
VT,3,-0.06345377862595407,2620,2,11,6.764e-06
VT,4,-0.05175219616204686,2345,2,11,0.02751
VT,5,-0.10629919354838699,620,2,11,0.007906
VT,6,-0.11868249211356459,634,2,11,0.0001023
VT,7,-0.11189437689969613,658,2,11,0.007238
VT,8,-0.04857839805825242,412,2,11,0.1272
VT,9,-0.08003303834808263,339,2,11,0.3025
VT,10,-0.06932130584192438,291,2,11,0.04646
VT,11,-0.0479825,280,2,11,0.3792
VT,12,-0.03772705882352942,255,2,11,0.288
VT,13,-0.0199079268292683,328,2,11,0.2092
VT,14,0.010282400000000028,250,2,11,0.7228
VT,15,-0.004017872340425534,235,2,11,0.4387
VT,16,-0.048385377358490564,212,2,11,0.2527
VT,17,-0.08810231481481484,216,2,11,0.1706
VT,18,-0.1742851282051282,195,2,11,0.003289
VT,19,0.010531506849315078,219,2,11,0.4458
VT,20,0.015356538461538475,260,2,11,0.9537
VT,21,0.009209543568464729,241,2,11,0.8163
VT,22,0.05103859649122808,285,2,11,0.07764
VT,23,-0.023221724137931023,290,2,11,0.8367
VT,24,-0.04314295532646049,291,2,11,0.003242
VT,25,0.020874193548387095,310,2,11,0.01809
VT,26,0.00022198795180725664,332,2,11,0.3015
VT,27,-0.00839581993569131,311,2,11,0.2553
VT,28,0.024115463917525774,291,2,11,0.181
VT,29,-0.0854953237410072,278,2,11,0.1414
VT,30,-0.008856462585034032,294,2,11,0.04573
VT,31,-0.042698579545454536,352,2,11,0.803
SD,1,-0.17599568909209654,1531,3,6,2.215e-20
SD,2,-0.061419375,320,3,6,0.4481
SD,3,-0.08292971120900616,2043,3,6,3.454e-06
SD,4,-0.027987499999999974,1672,3,6,0.3351
SD,5,-0.055413555555555556,450,3,6,0.01561
SD,6,-0.159974828375286,437,3,6,0.001488
SD,7,-0.21335124378109457,402,3,6,1.587e-10
SD,8,-0.12401042654028434,211,3,6,0.05016
SD,9,-0.18017126436781608,174,3,6,0.01468
SD,10,-0.042667469879518055,249,3,6,0.8963
SD,11,-0.0655216814159292,226,3,6,0.7901
SD,12,-0.07637665198237886,227,3,6,0.04341
SD,13,-0.10113822222222225,225,3,6,0.06443
SD,14,-0.06042864583333335,192,3,6,0.1432
SD,15,0.0024292817679558015,181,3,6,0.9092
SD,16,0.052349685534591225,159,3,6,0.02723
SD,17,0.008143529411764695,170,3,6,0.6987
SD,18,-0.03411635220125784,159,3,6,0.4893
SD,19,-0.005396590909090915,176,3,6,0.2513
SD,20,-0.012034597156398106,211,3,6,0.42
SD,21,-0.08935755395683453,139,3,6,0.4537
SD,22,-0.06619634146341469,164,3,6,0.2338
SD,23,0.021135828877005335,187,3,6,0.02443
SD,24,-0.032267000000000004,200,3,6,0.6124
SD,25,-0.04267323232323232,198,3,6,0.7415
SD,26,0.003237037037037029,162,3,6,0.8306
SD,27,-0.03278421052631579,190,3,6,0.8165
SD,28,0.012320625000000009,160,3,6,0.4453
SD,29,0.033886956521739134,161,3,6,0.08909
SD,30,-0.07087719298245612,171,3,6,0.1765
SD,31,-0.03985668449197861,187,3,6,0.09827
RI,1,-0.060668332956344564,4421,3,13,8.656e-05
RI,2,-0.048592147806004536,866,3,13,0.01374
RI,3,-0.05900040858018388,3916,3,13,1.589e-07
RI,4,-0.041306899395272025,3638,3,13,0.000568
RI,5,-0.07834917127071823,905,3,13,0.0009117
RI,6,-0.0934717582417583,910,3,13,0.0004473
RI,7,-0.1487493457943925,1070,3,13,1.808e-13
RI,8,-0.08035903846153845,520,3,13,0.006439
RI,9,-0.14111641468682504,463,3,13,5.713e-06
RI,10,-0.031795876288659805,485,3,13,0.5892
RI,11,0.00831603563474388,449,3,13,0.3155
RI,12,-0.02256860215053763,465,3,13,0.04303
RI,13,-0.03386991150442477,452,3,13,0.385
RI,14,0.037471046228710475,411,3,13,0.8741
RI,15,-0.008679508196721303,366,3,13,0.325
RI,16,-0.02800994623655914,372,3,13,0.2907
RI,17,-0.028084863523573225,403,3,13,0.2824
RI,18,-0.06640747126436784,348,3,13,0.9214
RI,19,-0.048909919571045596,373,3,13,0.01848
RI,20,0.05375012285012286,407,3,13,0.3704
RI,21,0.011356213017751478,338,3,13,0.0752
RI,22,-0.015438554216867469,332,3,13,0.943
RI,23,-0.003314778325123155,406,3,13,0.4716
RI,24,0.000301063829787244,376,3,13,0.793
RI,25,0.04700442708333331,384,3,13,0.02689
RI,26,-0.05280275000000002,400,3,13,0.5904
RI,27,0.004381585677749364,391,3,13,0.4418
RI,28,-0.02818303341902314,389,3,13,0.5118
RI,29,-0.03924896907216495,388,3,13,0.04816
RI,30,-0.03901628440366973,436,3,13,0.1499
RI,31,-0.08470831509846825,457,3,13,0.001204
AK,1,-0.177182534854246,3945,2,2,1.648e-47
AK,2,-0.06775813648293959,762,2,2,0.01899
AK,3,-0.10338891595615075,3284,2,2,4.076e-13
AK,4,-0.03455619678334908,3171,2,2,0.1667
AK,5,0.009812278630460426,847,2,2,0.6289
AK,6,-0.15777310267857153,896,2,2,1.861e-11
AK,7,-0.1542905859750239,1041,2,2,1.186e-10
AK,8,-0.09378659217877104,537,2,2,0.002415
AK,9,-0.13744161358811044,471,2,2,0.0007969
AK,10,-0.08394921348314616,445,2,2,0.003775
AK,11,-0.07453846153846157,364,2,2,0.01729
AK,12,-0.04024360313315926,383,2,2,0.09144
AK,13,-0.12030979498861044,439,2,2,0.0001039
AK,14,-0.042913207547169804,371,2,2,0.6523
AK,15,-0.008490322580645169,310,2,2,0.4465
AK,16,-0.054051515151515156,264,2,2,0.7424
AK,17,-0.10137253731343279,335,2,2,0.4203
AK,18,-0.06124039735099342,302,2,2,0.0178
AK,19,-0.07952275280898874,356,2,2,0.02293
AK,20,-0.0741816816816817,333,2,2,0.003492
AK,21,-0.04419883268482492,257,2,2,0.8456
AK,22,-0.016006111111111117,360,2,2,0.474
AK,23,-0.06411183431952668,338,2,2,0.06659
AK,24,-0.045579816513761466,327,2,2,0.09948
AK,25,-0.027384593837535023,357,2,2,0.9448
AK,26,-0.037984403669724734,327,2,2,0.6577
AK,27,-0.05147585227272728,352,2,2,0.5869
AK,28,0.00193466666666667,300,2,2,0.9233
AK,29,-0.012223030303030305,330,2,2,0.04095
AK,30,-0.05541666666666665,348,2,2,0.06762
AK,31,-0.12954005847953218,342,2,2,0.008304
WY,1,-0.15976028225806443,1488,4,5,3.999e-14
WY,2,-0.030396629213483153,267,4,5,0.2456
WY,3,-0.07590531914893608,1598,4,5,0.01139
WY,4,-0.008338551572787144,1367,4,5,0.6267
WY,5,-0.12583135313531352,303,4,5,0.002744
WY,6,-0.08239322580645161,310,4,5,0.05418
WY,7,-0.16879432176656153,317,4,5,4.099e-05
WY,8,-0.09986363636363634,187,4,5,0.07516
WY,9,-0.1432790697674419,215,4,5,0.0008137
WY,10,-0.07281874999999999,144,4,5,0.1322
WY,11,-0.046089312977099235,131,4,5,0.7724
WY,12,-0.015753614457831328,166,4,5,0.5444
WY,13,-0.17084679487179488,156,4,5,0.00479
WY,14,-0.10326470588235297,153,4,5,0.1446
WY,15,-0.004927868852459011,122,4,5,1.0
WY,16,-0.07960090909090907,110,4,5,0.09267
WY,17,-0.032136607142857154,112,4,5,0.2692
WY,18,-0.0931112903225806,124,4,5,0.3506
WY,19,-0.1117177631578947,152,4,5,0.1286
WY,20,-0.07668782051282054,156,4,5,0.06193
WY,21,-0.026664814814814822,108,4,5,0.8732
WY,22,-0.00015306122448978813,147,4,5,0.6234
WY,23,-0.011965562913907267,151,4,5,0.6174
WY,24,-0.041373780487804865,164,4,5,0.9882
WY,25,-0.04451496598639456,147,4,5,0.3421
WY,26,-0.07551916167664673,167,4,5,0.519
WY,27,-0.03971062499999999,160,4,5,0.4201
WY,28,-0.08121233766233768,154,4,5,0.005144
WY,29,-0.022506976744186027,172,4,5,0.6457
WY,30,-0.041541176470588234,187,4,5,0.5614
WY,31,-0.07211382978723402,188,4,5,0.1917
ND,1,-0.11783832020997388,1143,3,5,2.733e-05
ND,2,-0.035095673076923066,208,3,5,0.5602
ND,3,-0.04962787878787874,1320,3,5,0.04119
ND,4,-0.022701190476190517,1344,3,5,0.5235
ND,5,-0.044443935309973086,371,3,5,0.548
ND,6,-0.08135967741935479,310,3,5,0.6003
ND,7,-0.18551820580474931,379,3,5,5.632e-07
ND,8,-0.0890642857142857,154,3,5,0.2388
ND,9,-0.1560603896103895,154,3,5,0.02296
ND,10,-0.0388887417218543,151,3,5,0.3098
ND,11,-0.015373684210526335,133,3,5,0.8596
ND,12,0.02809114583333333,192,3,5,0.3531
ND,13,-0.051336257309941506,171,3,5,0.6802
ND,14,-0.02290451127819549,133,3,5,0.8322
ND,15,-0.014212658227848077,158,3,5,0.9694
ND,16,-0.023137404580152683,131,3,5,0.1359
ND,17,0.033558139534883714,129,3,5,0.122
ND,18,-0.08210156250000002,128,3,5,0.1423
ND,19,-0.0441836956521739,184,3,5,0.8443
ND,20,-0.0020644295302013295,149,3,5,0.3124
ND,21,-0.047615231788079485,151,3,5,0.4434
ND,22,-0.016001333333333336,150,3,5,0.883
ND,23,-0.010619117647058826,136,3,5,0.4488
ND,24,-0.13081596638655463,119,3,5,0.04033
ND,25,0.0789391304347826,161,3,5,0.7851
ND,26,-0.00243272727272727,165,3,5,0.3629
ND,27,0.11975894039735098,151,3,5,0.07347
ND,28,0.0007777777777777736,153,3,5,0.7344
ND,29,0.004438461538461528,156,3,5,0.9703
ND,30,-0.012326618705035975,139,3,5,0.5618
ND,31,-0.06347578947368421,190,3,5,0.154
