state,date,sentiment,total,row,col
TX,1,-0.09954538441422596,7648,7,5
TX,2,-0.07744461451247173,1764,7,5
TX,3,-0.08365051049894046,10382,7,5
TX,4,-0.06546277739422027,10139,7,5
TX,5,-0.03862524230931319,2373,7,5
TX,6,-0.047787564196625124,2726,7,5
TX,7,-0.05261311196253721,2349,7,5
TX,8,-0.08970527201346046,1783,7,5
TX,9,-0.08577444870565673,2086,7,5
TX,10,-0.05778639386189257,1955,7,5
TX,11,-0.04598436254980081,2008,7,5
TX,12,-0.05721212281630497,1889,7,5
TX,13,-0.031014591549295784,1775,7,5
TX,14,-0.04237391304347826,1357,7,5
TX,15,-0.002039339103068459,1271,7,5
TX,16,0.02687026502908855,1547,7,5
TX,17,-0.002833061991233571,1597,7,5
TX,18,-0.026876523994811947,1542,7,5
TX,19,-0.016905598243688254,1822,7,5
TX,20,0.01291594354417147,1913,7,5
TX,21,0.006458174097664537,1413,7,5
TX,22,0.006540857503152584,793,7,5
TX,23,0.01024090056285178,533,7,5
TX,24,0.011176004592422514,871,7,5
TX,25,0.06090444033302499,1081,7,5
TX,26,0.033020515970515994,814,7,5
TX,27,0.04216958614051968,1039,7,5
TX,28,0.03928660436137075,642,7,5
TX,29,-0.02859692532942899,683,7,5
TX,30,0.019072372881355933,590,7,5
TX,31,0.030442026431718065,1135,7,5
ALL,1,-0.09626726633848198,116397,0,0
ALL,2,-0.06574064566476462,24347,0,0
ALL,3,-0.05843418594277198,152434,0,0
ALL,4,-0.05339570668379363,157291,0,0
ALL,5,-0.04919621167968345,34316,0,0
ALL,6,-0.03464558400425558,41361,0,0
ALL,7,-0.044577438827839495,34125,0,0
ALL,8,-0.05724207294190011,29311,0,0
ALL,9,-0.07045977823205155,32286,0,0
ALL,10,-0.049287757275882554,29103,0,0
ALL,11,-0.03357434299469135,30327,0,0
ALL,12,-0.03558105298964384,26458,0,0
ALL,13,-0.02275224152542373,23600,0,0
ALL,14,-0.008394673735321842,20183,0,0
ALL,15,0.013352051783097292,20470,0,0
ALL,16,0.018366648803144016,22392,0,0
ALL,17,0.006980442971905775,22033,0,0
ALL,18,0.004662214727894279,21646,0,0
ALL,19,0.007184840912876967,24012,0,0
ALL,20,0.0229817519875176,26918,0,0
ALL,21,0.018068518871521257,20984,0,0
ALL,22,0.027862612652806353,11207,0,0
ALL,23,0.021815915082558774,7207,0,0
ALL,24,0.023507858256801375,11542,0,0
ALL,25,0.05453037370047757,14236,0,0
ALL,26,0.02817715505737926,11241,0,0
ALL,27,0.04194342611000658,15090,0,0
ALL,28,0.025204389855566972,8793,0,0
ALL,29,-0.004144629430719661,9310,0,0
ALL,30,0.04364289580514221,8868,0,0
ALL,31,0.021734851252609592,15328,0,0
OH,1,-0.08582612855007468,3345,4,10
OH,2,-0.06369516129032261,620,4,10
OH,3,-0.05068608464436071,4513,4,10
OH,4,-0.03698159630606858,4548,4,10
OH,5,-0.04817564234326825,973,4,10
OH,6,-0.024298427672955994,1272,4,10
OH,7,-0.02147684989429175,946,4,10
OH,8,-0.0690942428035044,799,4,10
OH,9,-0.038759468085106365,940,4,10
OH,10,-0.059057592093441164,1113,4,10
OH,11,-0.033016286919831286,1185,4,10
OH,12,0.011267436974789918,952,4,10
OH,13,0.009662398921832929,742,4,10
OH,14,0.007735793871866297,718,4,10
OH,15,0.0527169859514687,783,4,10
OH,16,0.07368395061728389,810,4,10
OH,17,0.028160690571049182,753,4,10
OH,18,0.025097598870056508,708,4,10
OH,19,0.044399742599742616,777,4,10
OH,20,0.044248152562574465,839,4,10
OH,21,0.029644680851063834,705,4,10
OH,22,0.09663755555555555,450,4,10
OH,23,0.0003451063829787102,235,4,10
OH,24,0.08022493224932252,369,4,10
OH,25,0.05983030303030304,462,4,10
OH,26,0.006420895522388085,335,4,10
OH,27,0.06145597609561753,502,4,10
OH,28,0.04872510121457489,247,4,10
OH,29,0.03968985507246377,276,4,10
OH,30,0.10084664536741218,313,4,10
OH,31,0.052072027972028,429,4,10
AR,1,-0.13206983758700686,431,6,7
AR,2,-0.05850135135135133,74,6,7
AR,3,-0.11449718670076722,391,6,7
AR,4,-0.05917166324435315,487,6,7
AR,5,-0.15802527472527472,91,6,7
AR,6,0.009013084112149529,107,6,7
AR,7,-0.15962424242424245,99,6,7
AR,8,-0.22790000000000002,86,6,7
AR,9,-0.08670437956204378,137,6,7
AR,10,0.001936904761904762,84,6,7
AR,11,-0.07783220338983053,118,6,7
AR,12,-0.05658507462686568,134,6,7
AR,13,-0.04282717391304348,92,6,7
AR,14,-0.03854874999999999,80,6,7
AR,15,-0.00413783783783784,74,6,7
AR,16,0.033427058823529414,85,6,7
AR,17,-0.031482978723404234,94,6,7
AR,18,0.10391797752808989,89,6,7
AR,19,0.017683809523809536,105,6,7
AR,20,-0.055329508196721305,122,6,7
AR,21,-0.035295348837209306,86,6,7
AR,22,0.09639545454545458,44,6,7
AR,23,0.27826,15,6,7
AR,24,-0.04038750000000002,56,6,7
AR,25,0.08800925925925929,54,6,7
AR,26,-0.04395102040816327,49,6,7
AR,27,0.030627659574468096,47,6,7
AR,28,0.07233333333333332,42,6,7
AR,29,0.039472727272727264,33,6,7
AR,30,-0.08352894736842105,38,6,7
AR,31,0.09243953488372096,43,6,7
VA,1,-0.0951539294117648,2125,6,9
VA,2,-0.0706553921568627,408,6,9
VA,3,-0.05083876244665727,2812,6,9
VA,4,-0.04512748421402466,3009,6,9
VA,5,-0.0394588045234248,619,6,9
VA,6,-0.06109212903225811,775,6,9
VA,7,-0.062096925329428926,683,6,9
VA,8,-0.04269913941480207,581,6,9
VA,9,-0.05129166666666661,612,6,9
VA,10,-0.05358761904761903,525,6,9
VA,11,-0.026340067340067334,594,6,9
VA,12,-0.03307518939393938,528,6,9
VA,13,-0.018912288135593196,472,6,9
VA,14,-0.033688205128205105,390,6,9
VA,15,0.03313174603174603,378,6,9
VA,16,0.005828482328482334,481,6,9
VA,17,0.02534829157175398,439,6,9
VA,18,-0.019207158351409973,461,6,9
VA,19,0.023377272727272715,506,6,9
VA,20,-0.0012228395061728446,486,6,9
VA,21,-0.023976351351351344,444,6,9
VA,22,0.0025030303030303016,231,6,9
VA,23,-0.03701538461538462,143,6,9
VA,24,0.0006023584905660458,212,6,9
VA,25,0.07480886075949365,316,6,9
VA,26,0.05629194312796208,211,6,9
VA,27,0.022854618473895572,249,6,9
VA,28,0.06644615384615384,182,6,9
VA,29,-0.03563586956521738,184,6,9
VA,30,0.02781653543307088,254,6,9
VA,31,0.005649079754601232,326,6,9
KY,1,-0.10849543378995435,657,5,8
KY,2,-0.0979112676056338,142,5,8
KY,3,-0.04243978748524205,847,5,8
KY,4,-0.0737291273584906,848,5,8
KY,5,-0.15938571428571421,203,5,8
KY,6,-0.013533935018050542,277,5,8
KY,7,-0.036877327935222665,247,5,8
KY,8,-0.06936855670103091,194,5,8
KY,9,-0.0578940928270042,237,5,8
KY,10,0.04549698492462312,199,5,8
KY,11,-0.03838310502283106,219,5,8
KY,12,-0.008962679425837318,209,5,8
KY,13,-0.054430167597765346,179,5,8
KY,14,-0.03168012048192771,166,5,8
KY,15,0.02970757575757576,132,5,8
KY,16,0.010950595238095223,168,5,8
KY,17,0.10122526315789476,190,5,8
KY,18,0.032294915254237264,177,5,8
KY,19,0.08120999999999999,180,5,8
KY,20,0.009887735849056606,212,5,8
KY,21,-0.007322988505747096,174,5,8
KY,22,0.002609090909090903,77,5,8
KY,23,0.07527301587301588,63,5,8
KY,24,0.00047766990291261887,103,5,8
KY,25,0.02160571428571426,105,5,8
KY,26,0.0570232558139535,86,5,8
KY,27,-0.022198148148148147,108,5,8
KY,28,0.12319999999999999,68,5,8
KY,29,0.10422835820895526,67,5,8
KY,30,0.0644796875,64,5,8
KY,31,0.06317078651685394,89,5,8
DE,1,-0.027969059829059808,585,5,12
DE,2,-0.048289772727272744,88,5,12
DE,3,-0.056502680965147344,746,5,12
DE,4,-0.07193283582089545,737,5,12
DE,5,-0.03204698795180722,166,5,12
DE,6,-0.038798305084745764,177,5,12
DE,7,-0.02132592592592593,162,5,12
DE,8,-0.022077702702702703,148,5,12
DE,9,-0.12702391304347818,184,5,12
DE,10,-0.055634814814814804,135,5,12
DE,11,-0.03994797297297299,148,5,12
DE,12,-0.04003684210526315,152,5,12
DE,13,0.07287203389830507,118,5,12
DE,14,-0.06915252525252526,99,5,12
DE,15,-0.07228229166666668,96,5,12
DE,16,-0.05642884615384615,104,5,12
DE,17,0.004086399999999999,125,5,12
DE,18,-0.04933333333333334,111,5,12
DE,19,0.026319117647058816,136,5,12
DE,20,0.10893014705882353,136,5,12
DE,21,-0.09371734693877551,98,5,12
DE,22,0.07643272727272729,55,5,12
DE,23,0.14248181818181815,33,5,12
DE,24,-0.016841071428571438,56,5,12
DE,25,-0.0029164556962025406,79,5,12
DE,26,-0.06597954545454546,44,5,12
DE,27,0.109653947368421,76,5,12
DE,28,0.08883939393939394,33,5,12
DE,29,-0.05052727272727273,44,5,12
DE,30,0.007719565217391295,46,5,12
DE,31,-0.018648333333333326,60,5,12
AL,1,-0.10221291234684268,1061,7,8
AL,2,-0.08246558139534883,215,7,8
AL,3,-0.06792967914438501,1496,7,8
AL,4,-0.04811694915254238,1475,7,8
AL,5,-0.052647923322683685,313,7,8
AL,6,-0.045060281690140876,355,7,8
AL,7,-0.02672234432234432,273,7,8
AL,8,-0.015793004115226335,243,7,8
AL,9,-0.1069367857142857,280,7,8
AL,10,-0.08895291828793776,257,7,8
AL,11,-0.027066887417218553,302,7,8
AL,12,-0.015815562913907292,302,7,8
AL,13,-0.05210039999999999,250,7,8
AL,14,0.01480462962962963,216,7,8
AL,15,0.015017488789237659,223,7,8
AL,16,-0.012851750972762645,257,7,8
AL,17,0.00953153846153846,260,7,8
AL,18,0.04206068702290075,262,7,8
AL,19,0.010011654135338345,266,7,8
AL,20,0.02339429429429429,333,7,8
AL,21,0.04082904564315354,241,7,8
AL,22,0.0191,137,7,8
AL,23,-0.035967307692307715,52,7,8
AL,24,0.08473241379310345,145,7,8
AL,25,0.031120670391061457,179,7,8
AL,26,0.10679384615384611,130,7,8
AL,27,0.10332163742690054,171,7,8
AL,28,0.08588311688311687,77,7,8
AL,29,0.10522376237623757,101,7,8
AL,30,0.060095689655172396,116,7,8
AL,31,0.04320204081632654,196,7,8
DC,1,-0.09769017459774063,2921,5,10
DC,2,-0.03375362095531586,649,5,10
DC,3,-0.0327443256090314,5049,5,10
DC,4,-0.025798365942808016,4651,5,10
DC,5,0.009761479028697569,906,5,10
DC,6,-0.0031660685154975554,1226,5,10
DC,7,-0.05287218137254895,816,5,10
DC,8,-0.011689272030651352,783,5,10
DC,9,-0.039979401993355486,903,5,10
DC,10,-0.01491553784860557,753,5,10
DC,11,0.018950401069518785,748,5,10
DC,12,-0.01847789115646259,588,5,10
DC,13,-0.01917348066298343,543,5,10
DC,14,0.00931055045871558,436,5,10
DC,15,0.03805861244019141,418,5,10
DC,16,0.027350000000000003,496,5,10
DC,17,-0.0074034115138592775,469,5,10
DC,18,-0.0035391304347826076,506,5,10
DC,19,0.028503490401396183,573,5,10
DC,20,0.010940672268907565,595,5,10
DC,21,0.014894348894348906,407,5,10
DC,22,-0.045134433962264145,212,5,10
DC,23,0.06662222222222221,171,5,10
DC,24,0.03520228310502283,219,5,10
DC,25,0.06203370786516855,356,5,10
DC,26,0.0305240157480315,254,5,10
DC,27,0.079133918128655,342,5,10
DC,28,0.016286982248520713,169,5,10
DC,29,-0.011998584905660373,212,5,10
DC,30,0.009280075187969914,266,5,10
DC,31,0.018516941176470608,425,5,10
NY,1,-0.09459264841021839,10882,3,11
NY,2,-0.041314830214830296,2886,3,11
NY,3,-0.04644048099659773,17339,3,11
NY,4,-0.043583748517200316,17703,3,11
NY,5,-0.03419258426966288,3560,3,11
NY,6,-0.027130266920876903,4196,3,11
NY,7,-0.05204938351719669,3082,3,11
NY,8,-0.05877541899441342,2864,3,11
NY,9,-0.06697621225983529,3279,3,11
NY,10,-0.033285841584158433,3030,3,11
NY,11,-0.023656923076923124,2990,3,11
NY,12,-0.031549829059829,2340,3,11
NY,13,-0.00648497053045186,2036,3,11
NY,14,-0.004401877133105794,1758,3,11
NY,15,0.011345833333333343,1968,3,11
NY,16,0.006151941998964264,1931,3,11
NY,17,0.009446907216494865,1940,3,11
NY,18,0.016228639744952186,1882,3,11
NY,19,0.009008076923076917,2080,3,11
NY,20,0.02254222128020349,2359,3,11
NY,21,0.013018625872249058,1863,3,11
NY,22,-0.006862874870734213,967,3,11
NY,23,0.0021518181818181814,660,3,11
NY,24,0.03109082278481013,948,3,11
NY,25,0.05591914893617018,1269,3,11
NY,26,0.018654292084726878,897,3,11
NY,27,0.03656357664233579,1370,3,11
NY,28,-0.016644207723035945,751,3,11
NY,29,-0.030598616352201246,795,3,11
NY,30,0.04334146039603965,808,3,11
NY,31,0.012903365032918826,1367,3,11
NJ,1,-0.10940141601562477,2048,4,12
NJ,2,-0.07746853281853276,518,4,12
NJ,3,-0.08014256707759253,2758,4,12
NJ,4,-0.04786167369901557,2844,4,12
NJ,5,-0.0333801013941698,789,4,12
NJ,6,-0.04989445812807879,812,4,12
NJ,7,-0.07392430769230773,650,4,12
NJ,8,-0.03716230088495571,565,4,12
NJ,9,-0.08292358078602621,687,4,12
NJ,10,-0.08871553254437872,676,4,12
NJ,11,-0.022529738562091454,612,4,12
NJ,12,-0.03716254752851709,526,4,12
NJ,13,-0.007125173210161648,433,4,12
NJ,14,-0.006991847826086961,368,4,12
NJ,15,-0.04375377358490567,424,4,12
NJ,16,-0.03075850340136055,441,4,12
NJ,17,0.004703370786516857,445,4,12
NJ,18,-0.012164470588235297,425,4,12
NJ,19,-0.0006633474576271152,472,4,12
NJ,20,0.05793279857397502,561,4,12
NJ,21,0.030566439909297076,441,4,12
NJ,22,0.04429753086419754,243,4,12
NJ,23,-0.005918562874251488,167,4,12
NJ,24,-0.011516666666666663,204,4,12
NJ,25,0.015730909090909097,275,4,12
NJ,26,0.0043970000000000085,200,4,12
NJ,27,0.07006026058631923,307,4,12
NJ,28,0.014713071895424838,153,4,12
NJ,29,-0.011659793814432976,194,4,12
NJ,30,0.09350421052631576,190,4,12
NJ,31,0.007273539518900342,291,4,12
WA,1,-0.07916747683161401,5719,3,3
WA,2,-0.053112880562060955,1281,3,3
WA,3,-0.039441683467741954,7936,3,3
WA,4,-0.031546648457949356,8787,3,3
WA,5,-0.012640906608410673,1831,3,3
WA,6,-0.013942716787697642,2341,3,3
WA,7,-0.012088702290076386,1965,3,3
WA,8,-0.022809442060085814,1398,3,3
WA,9,-0.05716750572082378,1311,3,3
WA,10,-0.023129614093959715,1192,3,3
WA,11,-0.0395548987854251,1235,3,3
WA,12,-0.029982869379014954,934,3,3
WA,13,-0.03831561423650976,871,3,3
WA,14,0.016688658367911478,723,3,3
WA,15,0.007461387434554965,764,3,3
WA,16,0.021866666666666687,771,3,3
WA,17,0.04248369152970922,791,3,3
WA,18,0.012827792915531329,734,3,3
WA,19,0.018254483541430198,881,3,3
WA,20,0.038336220472440924,1016,3,3
WA,21,0.02098295904887713,757,3,3
WA,22,0.08897862796833778,379,3,3
WA,23,0.10131397058823528,272,3,3
WA,24,0.03616902286902288,481,3,3
WA,25,0.11882411067193677,506,3,3
WA,26,0.04679666666666664,450,3,3
WA,27,0.012959067357512953,579,3,3
WA,28,0.029436521739130438,345,3,3
WA,29,0.05552591549295774,355,3,3
WA,30,0.053569706840390884,307,3,3
WA,31,0.015076660988074982,587,3,3
MO,1,-0.07285032258064512,1240,5,7
MO,2,-0.06927148437500005,256,5,7
MO,3,-0.0631910127431253,1491,5,7
MO,4,-0.057680335570469796,1490,5,7
MO,5,-0.040656890459363965,283,5,7
MO,6,-0.0034205278592375397,341,5,7
MO,7,-0.07269312714776634,291,5,7
MO,8,-0.026212649164677804,419,5,7
MO,9,-0.09266593406593403,455,5,7
MO,10,-0.05814924924924919,333,5,7
MO,11,0.004313086419753077,405,5,7
MO,12,-0.09590355987055012,309,5,7
MO,13,-0.003907749077490779,271,5,7
MO,14,-0.017554339622641496,265,5,7
MO,15,0.05318086956521741,230,5,7
MO,16,0.0905095709570957,303,5,7
MO,17,-0.0020780876494023845,251,5,7
MO,18,0.07621991869918701,246,5,7
MO,19,0.07944508474576274,295,5,7
MO,20,-0.04569601328903654,301,5,7
MO,21,0.03537324414715719,299,5,7
MO,22,0.012334108527131795,129,5,7
MO,23,-0.0008010416666666698,96,5,7
MO,24,0.01792278481012658,158,5,7
MO,25,0.006949390243902424,164,5,7
MO,26,0.059398449612403106,129,5,7
MO,27,0.08016424242424236,165,5,7
MO,28,-0.014999056603773585,106,5,7
MO,29,0.046869999999999974,100,5,7
MO,30,0.053599065420560754,107,5,7
MO,31,0.04395189189189188,185,5,7
OR,1,-0.087640092553639,2377,4,3
OR,2,-0.04173286713286713,429,4,3
OR,3,-0.05143063629222324,2546,4,3
OR,4,-0.06745420634920633,2520,4,3
OR,5,-0.08814754420432226,509,4,3
OR,6,-0.03611384863123996,621,4,3
OR,7,-0.06684165261382802,593,4,3
OR,8,-0.05939915433403804,473,4,3
OR,9,-0.07286427221172016,529,4,3
OR,10,-0.08449056122448978,392,4,3
OR,11,-0.01837865429234337,431,4,3
OR,12,-0.02805859154929581,355,4,3
OR,13,-0.028656103896103884,385,4,3
OR,14,0.006487713310580194,293,4,3
OR,15,-0.014144551282051282,312,4,3
OR,16,0.0020802507836990627,319,4,3
OR,17,-0.020949828178694136,291,4,3
OR,18,-0.017892682926829266,287,4,3
OR,19,0.03372232415902141,327,4,3
OR,20,-0.004303759398496242,399,4,3
OR,21,0.005240483383685806,331,4,3
OR,22,0.0596141176470588,170,4,3
OR,23,0.08809545454545452,88,4,3
OR,24,-0.01305757575757576,198,4,3
OR,25,0.014756043956043963,182,4,3
OR,26,0.06496666666666671,171,4,3
OR,27,-0.02687209302325582,215,4,3
OR,28,-0.002114179104477618,134,4,3
OR,29,0.08453082191780825,146,4,3
OR,30,-0.006448672566371674,113,4,3
OR,31,0.04270127118644069,236,4,3
GA,1,-0.11399424920127797,2817,7,9
GA,2,-0.07953937728937731,546,7,9
GA,3,-0.042950547092898535,4661,7,9
GA,4,-0.06032124533582081,4288,7,9
GA,5,-0.05802190812720842,849,7,9
GA,6,-0.04273165236051501,932,7,9
GA,7,-0.027685457063711897,722,7,9
GA,8,-0.03131360634081898,757,7,9
GA,9,-0.07276549636803872,826,7,9
GA,10,-0.040299231754161315,781,7,9
GA,11,-0.03671997226074892,721,7,9
GA,12,-0.05897780979827088,694,7,9
GA,13,-0.041644793388429725,605,7,9
GA,14,-0.01288316831683168,505,7,9
GA,15,0.040233465346534665,505,7,9
GA,16,0.006410834813499112,563,7,9
GA,17,0.009024054982817872,582,7,9
GA,18,0.013185553470919329,533,7,9
GA,19,0.04760859106529211,582,7,9
GA,20,-0.0007386494252873657,696,7,9
GA,21,-0.023333471933471937,481,7,9
GA,22,-0.028853441295546563,247,7,9
GA,23,0.04439135802469139,162,7,9
GA,24,0.008451525423728824,295,7,9
GA,25,0.05479755434782609,368,7,9
GA,26,-0.04664612403100774,258,7,9
GA,27,0.041689999999999984,370,7,9
GA,28,0.03247972972972975,222,7,9
GA,29,-0.0373396,250,7,9
GA,30,0.040844933920704846,227,7,9
GA,31,0.0026077519379844837,387,7,9
CA,1,-0.08850925599435926,17016,5,2
CA,2,-0.06649129375951285,3285,5,2
CA,3,-0.059494255684478775,19219,5,2
CA,4,-0.062041786103049126,22048,5,2
CA,5,-0.0602955750560121,5356,5,2
CA,6,-0.0385982409297941,6367,5,2
CA,7,-0.0429257956152758,5656,5,2
CA,8,-0.05657278654048363,4755,5,2
CA,9,-0.06131115092748736,4744,5,2
CA,10,-0.05060834659995449,4397,5,2
CA,11,-0.03331301498127345,4272,5,2
CA,12,-0.03606680787440815,4013,5,2
CA,13,-0.025567592067988705,3530,5,2
CA,14,-0.013928892405063271,3160,5,2
CA,15,0.012049353169469612,3092,5,2
CA,16,0.028013531073446254,3540,5,2
CA,17,0.017286962919364303,3398,5,2
CA,18,0.017839467312348638,3304,5,2
CA,19,0.004628985507246383,3519,5,2
CA,20,0.04501556105239499,4447,5,2
CA,21,0.044007357212003786,3099,5,2
CA,22,0.05529776813391191,1613,5,2
CA,23,0.011238611925708698,1023,5,2
CA,24,0.018354419410745157,1731,5,2
CA,25,0.037700772399588016,1942,5,2
CA,26,0.03221389563106797,1648,5,2
CA,27,0.03895266193433886,2254,5,2
CA,28,0.03902913072329132,1507,5,2
CA,29,0.02255911439114397,1355,5,2
CA,30,0.05568247151621383,1141,5,2
CA,31,0.05604485064645559,2243,5,2
HI,1,-0.0771114678899082,436,7,2
HI,2,-0.010927142857142861,70,7,2
HI,3,-0.09099960079840315,501,7,2
HI,4,-0.05960197132616486,558,7,2
HI,5,-0.084925,124,7,2
HI,6,-0.0529583333333333,132,7,2
HI,7,0.014915527950310556,161,7,2
HI,8,-0.07552264150943395,106,7,2
HI,9,-0.07544999999999999,118,7,2
HI,10,-0.07694130434782606,92,7,2
HI,11,0.008246875,96,7,2
HI,12,-0.04044941176470589,85,7,2
HI,13,-0.01353896103896103,77,7,2
HI,14,-0.024625301204819292,83,7,2
HI,15,-0.029496825396825396,63,7,2
HI,16,0.1839957746478873,71,7,2
HI,17,-0.03142941176470589,85,7,2
HI,18,-0.0493463917525773,97,7,2
HI,19,0.027837078651685405,89,7,2
HI,20,0.04934594594594597,74,7,2
HI,21,0.017575555555555553,90,7,2
HI,22,-0.04747169811320754,53,7,2
HI,23,0.12484375,32,7,2
HI,24,0.055187301587301583,63,7,2
HI,25,0.10076296296296293,54,7,2
HI,26,-0.06921875000000001,48,7,2
HI,27,0.056605084745762695,59,7,2
HI,28,-0.10133793103448276,29,7,2
HI,29,-0.18093846153846152,39,7,2
HI,30,0.053959375000000004,32,7,2
HI,31,0.07203382352941176,68,7,2
IN,1,-0.08217597923548844,4238,4,9
IN,2,-0.08182436224489806,784,4,9
IN,3,-0.06387637795275573,5080,4,9
IN,4,-0.0586996942480413,5233,4,9
IN,5,-0.04884078467153288,1096,4,9
IN,6,-0.031280459770114906,1479,4,9
IN,7,-0.03908131067961164,1236,4,9
IN,8,-0.03618134920634915,1008,4,9
IN,9,-0.07849911894273129,1135,4,9
IN,10,-0.03300686695278966,932,4,9
IN,11,-0.021285242896425298,1091,4,9
IN,12,-0.0472815494393476,981,4,9
IN,13,-0.0311576966932725,877,4,9
IN,14,-0.012193951612903221,744,4,9
IN,15,0.002871558441558443,770,4,9
IN,16,-0.019390279465370582,823,4,9
IN,17,-0.027502063273727593,727,4,9
IN,18,-0.003986230876216977,719,4,9
IN,19,-0.012166707920792075,808,4,9
IN,20,0.02044309278350515,970,4,9
IN,21,0.03907912371134019,776,4,9
IN,22,0.05000045662100457,438,4,9
IN,23,0.014371084337349415,249,4,9
IN,24,0.007958215962441314,426,4,9
IN,25,0.031645631067961165,515,4,9
IN,26,-0.01380591133004925,406,4,9
IN,27,0.018346875,544,4,9
IN,28,0.041632352941176475,272,4,9
IN,29,-0.03506862170087974,341,4,9
IN,30,0.012105621301775137,338,4,9
IN,31,0.05540305755395686,556,4,9
IL,1,-0.06708539626001775,3369,4,8
IL,2,-0.09508180451127816,665,4,8
IL,3,-0.06434942025814916,4571,4,8
IL,4,-0.049082957182029166,4741,4,8
IL,5,-0.06988485804416394,951,4,8
IL,6,-0.020853628318584023,1130,4,8
IL,7,-0.031043595041322314,968,4,8
IL,8,-0.051033930704898374,837,4,8
IL,9,-0.09276183127572012,972,4,8
IL,10,-0.03903545554335891,911,4,8
IL,11,-0.04262992047713712,1006,4,8
IL,12,-0.046071653543307056,889,4,8
IL,13,-0.01724126547455295,727,4,8
IL,14,0.006211244377811084,667,4,8
IL,15,0.026350070921985817,705,4,8
IL,16,-0.016761549100968186,723,4,8
IL,17,0.040418802228412265,718,4,8
IL,18,0.014725842696629209,712,4,8
IL,19,0.006014450127877241,782,4,8
IL,20,-0.0068544742729306435,894,4,8
IL,21,0.026316326530612257,735,4,8
IL,22,0.01881884498480243,329,4,8
IL,23,0.043910800000000035,250,4,8
IL,24,0.012816010498687662,381,4,8
IL,25,0.08943520518358533,463,4,8
IL,26,0.013546898263027296,403,4,8
IL,27,0.03546173913043478,460,4,8
IL,28,0.026450515463917544,291,4,8
IL,29,-0.05662688524590163,305,4,8
IL,30,0.07313993174061434,293,4,8
IL,31,0.03230739130434784,460,4,8
AZ,1,-0.12607298050139287,1795,6,4
AZ,2,-0.04822302631578943,304,6,4
AZ,3,-0.07201225241824052,2171,6,4
AZ,4,-0.04785389121338915,2390,6,4
AZ,5,-0.05079146608315095,457,6,4
AZ,6,-0.030321669626998227,563,6,4
AZ,7,-0.05705235173824127,489,6,4
AZ,8,-0.07832062663185378,383,6,4
AZ,9,-0.058637984496123965,516,6,4
AZ,10,-0.08870252873563216,435,6,4
AZ,11,-0.08793962703962697,429,6,4
AZ,12,-0.10843955223880607,402,6,4
AZ,13,-0.039051392405063313,395,6,4
AZ,14,-0.021160855263157884,304,6,4
AZ,15,-0.011810693641618507,346,6,4
AZ,16,0.017327837837837846,370,6,4
AZ,17,-0.026443478260869558,345,6,4
AZ,18,-0.026109065934065936,364,6,4
AZ,19,-0.0162408,375,6,4
AZ,20,0.0009182232346241663,439,6,4
AZ,21,-0.07160224719101124,356,6,4
AZ,22,0.06547100591715975,169,6,4
AZ,23,-0.026981538461538463,130,6,4
AZ,24,-0.005774008810572678,227,6,4
AZ,25,0.03800341463414633,205,6,4
AZ,26,0.06215224719101125,178,6,4
AZ,27,0.041934126984126956,252,6,4
AZ,28,-0.01541360946745562,169,6,4
AZ,29,-0.029605161290322597,155,6,4
AZ,30,-0.05998936170212764,141,6,4
AZ,31,-0.007534979423868338,243,6,4
CO,1,-0.1143288580984235,2093,5,5
CO,2,-0.04106550000000002,400,5,5
CO,3,-0.06336010699273963,2617,5,5
CO,4,-0.0705299729625338,2589,5,5
CO,5,-0.03854975688816853,617,5,5
CO,6,0.008051635282457878,1009,5,5
CO,7,-0.02529765840220384,726,5,5
CO,8,-0.06857644859813083,535,5,5
CO,9,-0.05080185185185186,594,5,5
CO,10,-0.07220241635687735,538,5,5
CO,11,-0.018494085027726422,541,5,5
CO,12,-0.02376836518046709,471,5,5
CO,13,-0.0048886836027713584,433,5,5
CO,14,0.03694927953890493,347,5,5
CO,15,0.06379134078212287,358,5,5
CO,16,0.008321220159151193,377,5,5
CO,17,0.0150583333333333,408,5,5
CO,18,0.05286243902439027,410,5,5
CO,19,-0.014943847874720351,447,5,5
CO,20,0.046148319327731085,476,5,5
CO,21,0.01645473684210527,380,5,5
CO,22,0.021626063829787226,188,5,5
CO,23,0.06944927536231883,138,5,5
CO,24,0.008417415730337096,178,5,5
CO,25,0.041003928571428594,280,5,5
CO,26,0.022114799999999987,250,5,5
CO,27,0.046547857142857134,280,5,5
CO,28,0.01121453488372091,172,5,5
CO,29,0.030766878980891726,157,5,5
CO,30,0.11826643835616438,146,5,5
CO,31,0.019668265682656824,271,5,5
FL,1,-0.1067084197763703,7423,8,9
FL,2,-0.0701711509715995,2007,8,9
FL,3,-0.06865786602870791,10450,8,9
FL,4,-0.058027839939313805,10546,8,9
FL,5,-0.07565112994350291,2124,8,9
FL,6,-0.051453455818022784,2286,8,9
FL,7,-0.07636662100456611,2190,8,9
FL,8,-0.06064620462046211,1818,8,9
FL,9,-0.08126222674123026,1967,8,9
FL,10,-0.07909494826536818,1643,8,9
FL,11,-0.03891472501478416,1691,8,9
FL,12,-0.039786010037641185,1594,8,9
FL,13,-0.03424976525821592,1491,8,9
FL,14,-0.025967432321575036,1219,8,9
FL,15,0.0020965599999999977,1250,8,9
FL,16,0.024790148148148162,1350,8,9
FL,17,-0.018294999999999957,1360,8,9
FL,18,0.013908211143695033,1364,8,9
FL,19,-0.0023946001367054033,1463,8,9
FL,20,0.000943209096651934,1583,8,9
FL,21,0.016423976608187157,1368,8,9
FL,22,0.020230133657351126,823,8,9
FL,23,0.030313073394495436,436,8,9
FL,24,0.025385032258064537,775,8,9
FL,25,0.04207508055853915,931,8,9
FL,26,0.032342399999999986,750,8,9
FL,27,0.010229144667370675,947,8,9
FL,28,0.041705114638447977,567,8,9
FL,29,-0.022989628482972126,646,8,9
FL,30,0.030042965779467662,526,8,9
FL,31,-0.023592077294685956,1035,8,9
MI,1,-0.1226247897080651,2021,3,9
MI,2,-0.11611885245901643,366,3,9
MI,3,-0.08265704142011822,2535,3,9
MI,4,-0.05859741989180191,2403,3,9
MI,5,-0.06758305084745761,531,3,9
MI,6,-0.04286301369863015,584,3,9
MI,7,-0.07348487712665401,529,3,9
MI,8,-0.06308568019093079,419,3,9
MI,9,-0.06993024574669188,529,3,9
MI,10,-0.05411130434782609,460,3,9
MI,11,-0.031671705426356576,774,3,9
MI,12,-0.02111830742659758,579,3,9
MI,13,-0.01668843813387422,493,3,9
MI,14,-0.007871655328798188,441,3,9
MI,15,0.02793584905660378,424,3,9
MI,16,-0.010433962264150925,424,3,9
MI,17,0.03656439909297053,441,3,9
MI,18,-0.004666273584905645,424,3,9
MI,19,-0.023338054968287506,473,3,9
MI,20,0.008671841155234672,554,3,9
MI,21,0.026844685990338176,414,3,9
MI,22,0.00011839622641510958,212,3,9
MI,23,0.033192352941176506,170,3,9
MI,24,0.01814647302904563,241,3,9
MI,25,0.028791814946619226,281,3,9
MI,26,-0.03466261682242989,214,3,9
MI,27,0.05911601208459224,331,3,9
MI,28,0.009383495145631061,206,3,9
MI,29,-0.005923979591836723,196,3,9
MI,30,0.05237193877551022,196,3,9
MI,31,0.029473841059602678,302,3,9
IA,1,-0.08774925093632963,534,4,7
IA,2,-0.082544776119403,134,4,7
IA,3,-0.042130125523012624,717,4,7
IA,4,-0.05527735583684946,711,4,7
IA,5,-0.01662777777777779,180,4,7
IA,6,-0.06005020746887964,241,4,7
IA,7,-0.057201951219512194,205,4,7
IA,8,-0.012418124999999993,160,4,7
IA,9,-0.11123837837837836,185,4,7
IA,10,-0.0380963768115942,138,4,7
IA,11,-0.012245061728395061,162,4,7
IA,12,-0.022154878048780486,164,4,7
IA,13,0.010467567567567577,148,4,7
IA,14,0.051679797979797985,99,4,7
IA,15,0.002173684210526318,114,4,7
IA,16,0.018337226277372262,137,4,7
IA,17,-0.0012953333333333298,150,4,7
IA,18,-0.010399173553719002,121,4,7
IA,19,0.08010139860139857,143,4,7
IA,20,0.014342483660130724,153,4,7
IA,21,0.06859444444444443,126,4,7
IA,22,-0.037952542372881364,59,4,7
IA,23,-0.03411219512195122,41,4,7
IA,24,0.11696481481481481,54,4,7
IA,25,0.0971576923076923,78,4,7
IA,26,0.04236785714285714,56,4,7
IA,27,0.08047191011235956,89,4,7
IA,28,0.05294117647058824,34,4,7
IA,29,0.01726415094339622,53,4,7
IA,30,0.23721200000000006,50,4,7
IA,31,0.09474487179487182,78,4,7
OK,1,-0.07676578073089708,602,6,6
OK,2,-0.002960714285714279,112,6,6
OK,3,-0.06875326953748,627,6,6
OK,4,-0.034162053571428555,672,6,6
OK,5,-0.03709748427672957,159,6,6
OK,6,-0.03387487179487179,195,6,6
OK,7,-0.03706333333333333,180,6,6
OK,8,-0.0716277777777778,144,6,6
OK,9,-0.02039473684210527,152,6,6
OK,10,-0.03102967741935484,155,6,6
OK,11,-0.09843051948051948,154,6,6
OK,12,-0.05401283422459895,187,6,6
OK,13,-0.07808142857142858,140,6,6
OK,14,0.007479611650485452,103,6,6
OK,15,0.038236666666666676,120,6,6
OK,16,0.03436028368794327,141,6,6
OK,17,-0.011881595092024529,163,6,6
OK,18,0.0069027972027971935,143,6,6
OK,19,0.0047357142857142945,154,6,6
OK,20,0.0033232258064515964,155,6,6
OK,21,0.08751101694915256,118,6,6
OK,22,-0.02638163265306122,49,6,6
OK,23,-0.053546,50,6,6
OK,24,0.019386301369863027,73,6,6
OK,25,-0.011547777777777787,90,6,6
OK,26,0.017742857142857144,70,6,6
OK,27,0.024600000000000004,100,6,6
OK,28,0.028779365079365092,63,6,6
OK,29,0.017212765957446818,47,6,6
OK,30,-0.01955370370370369,54,6,6
OK,31,0.027036956521739125,92,6,6
NC,1,-0.09104167424931779,2198,6,10
NC,2,-0.06566528497409325,386,6,10
NC,3,-0.011782103568553822,3727,6,10
NC,4,-0.03788767123287682,3358,6,10
NC,5,-0.043751544943820234,712,6,10
NC,6,-0.04299406060606061,825,6,10
NC,7,-0.03739170731707315,615,6,10
NC,8,-0.053388043478260816,552,6,10
NC,9,-0.06306029900332226,602,6,10
NC,10,-0.023230633802816897,568,6,10
NC,11,-0.044571312803889755,617,6,10
NC,12,-0.027211573236889684,553,6,10
NC,13,-0.0540675889328063,506,6,10
NC,14,0.013803218884120175,466,6,10
NC,15,0.04689895833333332,384,6,10
NC,16,0.03760081967213111,488,6,10
NC,17,0.05603250000000005,440,6,10
NC,18,-0.005521689497716899,438,6,10
NC,19,0.02899128787878788,528,6,10
NC,20,0.05689522935779818,545,6,10
NC,21,0.04129795396419438,391,6,10
NC,22,0.044059668508287256,181,6,10
NC,23,-0.04146740740740744,135,6,10
NC,24,0.03011052631578948,228,6,10
NC,25,0.0560619496855346,318,6,10
NC,26,0.07954460966542747,269,6,10
NC,27,0.07692900763358777,393,6,10
NC,28,0.09015595238095235,168,6,10
NC,29,0.013178494623655914,186,6,10
NC,30,0.10467891566265063,166,6,10
NC,31,0.0118990625,320,6,10
PA,1,-0.10148648044692726,3580,4,11
PA,2,-0.0848368045649073,701,4,11
PA,3,-0.05616616684266095,4735,4,11
PA,4,-0.06879226202256104,5053,4,11
PA,5,-0.04119482071713146,1004,4,11
PA,6,-0.0277711598746081,1276,4,11
PA,7,-0.052025178389398574,981,4,11
PA,8,-0.09245723542116636,926,4,11
PA,9,-0.048766727941176424,1088,4,11
PA,10,-0.03740925341745531,951,4,11
PA,11,-0.05204484732824428,1048,4,11
PA,12,-0.025766445182724227,903,4,11
PA,13,-0.021296088019559855,818,4,11
PA,14,0.013172146118721464,657,4,11
PA,15,0.02099647435897437,624,4,11
PA,16,0.022307027027027044,740,4,11
PA,17,0.002917008797653961,682,4,11
PA,18,-0.007939322533136967,679,4,11
PA,19,-0.02942041820418204,813,4,11
PA,20,0.03824600000000002,800,4,11
PA,21,0.02141265625000003,640,4,11
PA,22,0.05402131979695432,394,4,11
PA,23,0.029335807860262013,229,4,11
PA,24,0.025441158536585382,328,4,11
PA,25,0.09883760504201686,476,4,11
PA,26,0.032653142857142825,350,4,11
PA,27,0.06575328031809147,503,4,11
PA,28,0.04055019305019305,259,4,11
PA,29,-0.05081942446043165,278,4,11
PA,30,0.0330590443686007,293,4,11
PA,31,-0.015340993788819854,483,4,11
UT,1,-0.06355369230769228,650,5,4
UT,2,-0.02080333333333333,120,5,4
UT,3,0.0047571788413098386,794,5,4
UT,4,-0.032511950394588485,887,5,4
UT,5,-0.022798876404494375,178,5,4
UT,6,-0.11185545851528378,229,5,4
UT,7,-0.10603268292682935,205,5,4
UT,8,-0.07286133333333335,150,5,4
UT,9,-0.10435,146,5,4
UT,10,0.007500000000000002,148,5,4
UT,11,0.055504402515723285,159,5,4
UT,12,-0.002419457013574664,221,5,4
UT,13,-0.005086713286713294,143,5,4
UT,14,0.035788321167883226,137,5,4
UT,15,0.04909370078740159,127,5,4
UT,16,0.10484655172413788,116,5,4
UT,17,0.06849687500000004,128,5,4
UT,18,0.039317105263157896,152,5,4
UT,19,0.021529245283018875,106,5,4
UT,20,0.12976687500000006,160,5,4
UT,21,0.08483039215686274,102,5,4
UT,22,-0.007201923076923072,52,5,4
UT,23,-0.03869583333333331,48,5,4
UT,24,0.11857777777777778,63,5,4
UT,25,0.10418064516129039,62,5,4
UT,26,0.06497386363636365,88,5,4
UT,27,0.09404479166666668,96,5,4
UT,28,0.004442857142857138,56,5,4
UT,29,0.024791489361702147,47,5,4
UT,30,0.08376428571428572,42,5,4
UT,31,0.004380519480519462,77,5,4
SC,1,-0.10814409246575352,1168,7,10
SC,2,-0.07730717131474102,251,7,10
SC,3,-0.06663297805642644,1595,7,10
SC,4,-0.07395946862634241,1769,7,10
SC,5,-0.024944321329639883,361,7,10
SC,6,-0.014495081967213105,366,7,10
SC,7,0.01846182669789228,427,7,10
SC,8,-0.06316816816816818,333,7,10
SC,9,-0.05296324324324321,370,7,10
SC,10,-0.003463003663003671,273,7,10
SC,11,-0.016484727272727276,275,7,10
SC,12,-0.02676529850746269,268,7,10
SC,13,-0.05792862745098037,255,7,10
SC,14,-0.008139800995024865,201,7,10
SC,15,-0.026280252100840326,238,7,10
SC,16,0.061606201550387624,258,7,10
SC,17,0.06642903225806453,248,7,10
SC,18,-0.025554255319148917,282,7,10
SC,19,-0.007139802631578945,304,7,10
SC,20,0.040810561056105636,303,7,10
SC,21,0.0024637931034482727,232,7,10
SC,22,0.016800917431192667,109,7,10
SC,23,0.043466304347826085,92,7,10
SC,24,0.06278028169014081,142,7,10
SC,25,0.044366473988439264,173,7,10
SC,26,-0.008688198757763969,161,7,10
SC,27,0.024512587412587418,143,7,10
SC,28,0.029590350877192986,114,7,10
SC,29,-0.018842268041237124,97,7,10
SC,30,-0.10722376237623764,101,7,10
SC,31,0.08174685990338168,207,7,10
CT,1,-0.05656048657718121,1192,3,12
CT,2,-0.06469926470588236,272,3,12
CT,3,-0.03273430866322431,1743,3,12
CT,4,-0.038316869469026564,1808,3,12
CT,5,-0.060420519480519456,385,3,12
CT,6,-0.05796815415821496,493,3,12
CT,7,-0.06391304347826085,414,3,12
CT,8,-0.06252054794520547,292,3,12
CT,9,-0.10735641025641025,351,3,12
CT,10,-0.025120433436532513,323,3,12
CT,11,-0.0032645892351274765,353,3,12
CT,12,-0.0133989247311828,279,3,12
CT,13,0.036249356223175974,233,3,12
CT,14,0.06085803921568628,255,3,12
CT,15,0.073748401826484,219,3,12
CT,16,0.01838333333333332,270,3,12
CT,17,0.016926938775510214,245,3,12
CT,18,0.07500826446281,242,3,12
CT,19,0.051523321554770324,283,3,12
CT,20,0.0429952802359882,339,3,12
CT,21,0.041304858299595154,247,3,12
CT,22,0.05218124999999999,128,3,12
CT,23,-0.000761333333333342,75,3,12
CT,24,0.14282115384615382,104,3,12
CT,25,0.09866730769230768,156,3,12
CT,26,0.07315114503816791,131,3,12
CT,27,0.04389308176100628,159,3,12
CT,28,0.10003947368421053,76,3,12
CT,29,0.006445744680851067,94,3,12
CT,30,0.13786666666666667,111,3,12
CT,31,0.10007083333333334,144,3,12
WV,1,-0.10213448275862066,348,5,9
WV,2,-0.11386101694915257,59,5,9
WV,3,-0.08434984423676006,321,5,9
WV,4,-0.09823341013824881,434,5,9
WV,5,-0.09651276595744678,94,5,9
WV,6,-0.1204951612903226,124,5,9
WV,7,-0.1223,76,5,9
WV,8,-0.10167638888888887,72,5,9
WV,9,-0.02523076923076923,78,5,9
WV,10,-0.06271857142857144,70,5,9
WV,11,-0.060306250000000006,96,5,9
WV,12,-0.031772058823529445,68,5,9
WV,13,0.019979411764705884,68,5,9
WV,14,-0.08880769230769232,65,5,9
WV,15,-0.04622465753424657,73,5,9
WV,16,0.007869230769230781,65,5,9
WV,17,0.0014178571428571324,56,5,9
WV,18,-0.04247878787878787,66,5,9
WV,19,0.10474262295081967,61,5,9
WV,20,0.07188539325842697,89,5,9
WV,21,0.04372535211267607,71,5,9
WV,22,0.0561258064516129,31,5,9
WV,23,-0.10169444444444443,18,5,9
WV,24,0.0501142857142857,21,5,9
WV,25,0.26893157894736835,38,5,9
WV,26,0.17299374999999997,16,5,9
WV,27,0.151604347826087,46,5,9
WV,28,-0.046905263157894735,19,5,9
WV,29,-0.01968095238095238,21,5,9
WV,30,0.04212592592592593,27,5,9
WV,31,-0.1550230769230769,39,5,9
WI,1,-0.07135320041972724,953,3,8
WI,2,-0.055075862068965496,174,3,8
WI,3,-0.06229847560975606,1312,3,8
WI,4,-0.06047925407925403,1287,3,8
WI,5,-0.03050753138075315,239,3,8
WI,6,-0.029911999999999998,275,3,8
WI,7,-0.07224322033898299,236,3,8
WI,8,-0.07371712962962963,216,3,8
WI,9,-0.07336653846153846,260,3,8
WI,10,-0.05490119047619049,252,3,8
WI,11,-0.01787197231833911,289,3,8
WI,12,-0.004315209125475299,263,3,8
WI,13,-0.010973015873015867,252,3,8
WI,14,-0.0017238493723849416,239,3,8
WI,15,-0.03106802030456854,197,3,8
WI,16,0.05343004291845493,233,3,8
WI,17,-0.07456826086956522,230,3,8
WI,18,-0.04271848341232227,211,3,8
WI,19,0.062466222222222235,225,3,8
WI,20,0.03409999999999999,255,3,8
WI,21,0.024350952380952366,210,3,8
WI,22,0.08535363636363635,110,3,8
WI,23,0.08489200000000001,75,3,8
WI,24,-0.04531065573770492,122,3,8
WI,25,0.13520390625,128,3,8
WI,26,0.12219150943396226,106,3,8
WI,27,0.007798113207547167,159,3,8
WI,28,-0.03844615384615383,65,3,8
WI,29,-0.008803157894736858,95,3,8
WI,30,0.07979605263157898,76,3,8
WI,31,0.01698776978417266,139,3,8
LA,1,-0.09387781132075484,1325,7,6
LA,2,-0.10528167938931296,262,7,6
LA,3,-0.05172318401937059,1652,7,6
LA,4,-0.07599988882712616,1799,7,6
LA,5,-0.028066745283018873,424,7,6
LA,6,-0.05984945770065073,461,7,6
LA,7,-0.06983458213256478,347,7,6
LA,8,-0.107740192926045,311,7,6
LA,9,-0.06222653061224488,392,7,6
LA,10,-0.023619849246231166,398,7,6
LA,11,-0.005221304347826085,460,7,6
LA,12,-0.0332954659949622,397,7,6
LA,13,-0.006563976945244959,347,7,6
LA,14,0.010412456747404835,289,7,6
LA,15,0.021196336996336988,273,7,6
LA,16,0.05272990654205609,321,7,6
LA,17,-0.0022033088235294228,272,7,6
LA,18,0.04563370786516853,267,7,6
LA,19,0.03517083333333336,312,7,6
LA,20,-6.836734693876274e-05,392,7,6
LA,21,0.019934237288135596,295,7,6
LA,22,0.032910285714285704,175,7,6
LA,23,0.047169072164948464,97,7,6
LA,24,0.039472222222222256,180,7,6
LA,25,0.03239639175257734,194,7,6
LA,26,0.07355352112676057,142,7,6
LA,27,0.029436190476190473,210,7,6
LA,28,-0.005613793103448285,116,7,6
LA,29,0.05284518518518518,135,7,6
LA,30,0.06787033898305082,118,7,6
LA,31,-0.02506180904522613,199,7,6
MT,1,-0.09408151515151518,330,3,4
MT,2,-0.10660491803278688,61,3,4
MT,3,-0.05630810810810816,370,3,4
MT,4,-0.011080191693290725,313,3,4
MT,5,-0.01398490566037736,53,3,4
MT,6,-0.027188607594936708,79,3,4
MT,7,-0.1274716417910448,67,3,4
MT,8,-0.020468253968253965,63,3,4
MT,9,-0.06233333333333335,69,3,4
MT,10,-0.08981724137931035,58,3,4
MT,11,-0.1366876923076923,65,3,4
MT,12,-0.06164,45,3,4
MT,13,-0.07296346153846155,52,3,4
MT,14,-0.056412000000000004,75,3,4
MT,15,0.05429799999999999,50,3,4
MT,16,0.0006309523809523864,42,3,4
MT,17,0.0805760869565217,46,3,4
MT,18,0.08436,50,3,4
MT,19,0.017480701754385975,57,3,4
MT,20,-0.08755400000000002,50,3,4
MT,21,0.0025947368421052725,38,3,4
MT,22,0.1966125,24,3,4
MT,23,0.12947500000000003,16,3,4
MT,24,-0.03897500000000002,32,3,4
MT,25,0.114588,25,3,4
MT,26,-0.03512500000000001,24,3,4
MT,27,0.024342424242424235,33,3,4
MT,28,-0.060241176470588235,17,3,4
MT,29,0.09701428571428572,14,3,4
MT,30,-0.05840454545454547,22,3,4
MT,31,0.038416129032258065,31,3,4
MN,1,-0.07914101978691024,1314,3,7
MN,2,-0.07502918287937738,257,3,7
MN,3,-0.04192880098887524,1618,3,7
MN,4,-0.04562211953173138,1623,3,7
MN,5,-0.06192248062015505,387,3,7
MN,6,-0.030552087475149092,503,3,7
MN,7,-0.0028367724867724804,378,3,7
MN,8,-0.021963746223564937,331,3,7
MN,9,-0.04600665024630544,406,3,7
MN,10,-0.010908695652173915,322,3,7
MN,11,0.0007763688760806871,347,3,7
MN,12,-0.004240514469453372,311,3,7
MN,13,0.006216780821917817,292,3,7
MN,14,-0.018930434782608703,253,3,7
MN,15,0.032381914893617025,282,3,7
MN,16,0.011994603174603187,315,3,7
MN,17,0.04995412541254123,303,3,7
MN,18,0.02046868327402138,281,3,7
MN,19,0.07269900332225906,301,3,7
MN,20,0.07116811145510835,323,3,7
MN,21,0.055010238907849826,293,3,7
MN,22,-0.017692700729927013,137,3,7
MN,23,-0.005054545454545446,99,3,7
MN,24,0.08534202898550725,138,3,7
MN,25,0.12135300000000006,200,3,7
MN,26,0.08725030674846622,163,3,7
MN,27,0.05769898989898988,198,3,7
MN,28,0.04461769230769231,130,3,7
MN,29,0.02245447154471545,123,3,7
MN,30,-0.009434862385321112,109,3,7
MN,31,0.027416299559471363,227,3,7
NV,1,-0.13809094046591897,1159,5,3
NV,2,-0.08231415094339621,212,5,3
NV,3,-0.09778920289855074,1380,5,3
NV,4,-0.09005689424364115,1494,5,3
NV,5,-0.0673303896103896,385,5,3
NV,6,-0.0608166666666667,456,5,3
NV,7,-0.023862628865979365,388,5,3
NV,8,-0.06173475409836062,305,5,3
NV,9,-0.09474444444444448,279,5,3
NV,10,-0.07583108614232201,267,5,3
NV,11,-0.08723671874999996,256,5,3
NV,12,-0.03202775800711742,281,5,3
NV,13,-0.11351465517241371,232,5,3
NV,14,-0.007430396475770923,227,5,3
NV,15,-0.024550261780104696,191,5,3
NV,16,0.06471869158878504,214,5,3
NV,17,-0.057603846153846144,234,5,3
NV,18,0.00938325581395349,215,5,3
NV,19,-0.02619416666666664,240,5,3
NV,20,-0.01577482014388489,278,5,3
NV,21,0.02665735294117647,204,5,3
NV,22,-0.0647169811320755,106,5,3
NV,23,0.0646850746268657,67,5,3
NV,24,-0.012999236641221372,131,5,3
NV,25,0.08139076923076921,130,5,3
NV,26,0.031771929824561396,114,5,3
NV,27,0.004449650349650344,143,5,3
NV,28,0.012175294117647064,85,5,3
NV,29,0.00966744186046511,86,5,3
NV,30,-0.041156756756756764,74,5,3
NV,31,0.008852142857142855,140,5,3
NH,1,-0.05272760736196331,978,2,12
NH,2,-0.002880310880829014,193,2,12
NH,3,-0.03292305276381916,1592,2,12
NH,4,-0.0070747908533184516,1793,2,12
NH,5,-0.029013418530351436,313,2,12
NH,6,-0.002749874055415619,397,2,12
NH,7,-0.03754464944649443,271,2,12
NH,8,-0.030057613168724285,243,2,12
NH,9,-0.07595714285714289,280,2,12
NH,10,-0.050183333333333344,234,2,12
NH,11,-0.0001882352941176508,272,2,12
NH,12,-0.015195000000000005,200,2,12
NH,13,0.019494791666666664,192,2,12
NH,14,0.042158571428571434,210,2,12
NH,15,0.021991627906976743,215,2,12
NH,16,-0.026897107438016526,242,2,12
NH,17,0.04819728682170545,258,2,12
NH,18,0.024053500000000012,200,2,12
NH,19,0.031719917012448126,241,2,12
NH,20,0.08593970037453184,267,2,12
NH,21,0.08906848739495798,238,2,12
NH,22,0.06250285714285715,175,2,12
NH,23,0.026052272727272733,44,2,12
NH,24,0.07799923076923077,130,2,12
NH,25,0.11526717948717953,195,2,12
NH,26,0.04382545454545456,110,2,12
NH,27,0.0986425,160,2,12
NH,28,0.042653030303030304,66,2,12
NH,29,0.038142857142857145,91,2,12
NH,30,0.05367053571428572,112,2,12
NH,31,0.05898014705882353,136,2,12
NE,1,-0.11187789473684204,475,4,6
NE,2,-0.022095049504950483,101,4,6
NE,3,-0.03466578947368421,570,4,6
NE,4,-0.03803124018838297,637,4,6
NE,5,-0.02411029411764706,136,4,6
NE,6,0.021612499999999993,184,4,6
NE,7,-0.0255559748427673,159,4,6
NE,8,-0.0673475524475525,143,4,6
NE,9,-0.052083221476510067,149,4,6
NE,10,-0.03636280991735537,121,4,6
NE,11,-0.020768292682926837,123,4,6
NE,12,-0.0037312500000000006,112,4,6
NE,13,0.11871904761904752,105,4,6
NE,14,0.08509750000000005,80,4,6
NE,15,0.07042441860465116,86,4,6
NE,16,0.069505376344086,93,4,6
NE,17,-0.035335416666666675,96,4,6
NE,18,-0.005961983471074364,121,4,6
NE,19,0.08715980392156861,102,4,6
NE,20,0.07579338842975206,121,4,6
NE,21,0.05449506172839506,81,4,6
NE,22,-0.013352380952380952,42,4,6
NE,23,0.028432432432432434,37,4,6
NE,24,0.017340909090909077,44,4,6
NE,25,-0.04149523809523809,63,4,6
NE,26,0.06269565217391304,46,4,6
NE,27,0.05108055555555556,72,4,6
NE,28,0.12362571428571427,35,4,6
NE,29,0.04553421052631578,38,4,6
NE,30,0.084315,40,4,6
NE,31,0.0624012658227848,79,4,6
TN,1,-0.11551197183098587,1420,6,8
TN,2,-0.05818219178082194,292,6,8
TN,3,-0.07530726221079696,1556,6,8
TN,4,-0.06693220024721878,1618,6,8
TN,5,-0.011088964346349754,589,6,8
TN,6,-0.0035281609195402237,522,6,8
TN,7,-0.03444743935309974,371,6,8
TN,8,-0.10147545219638233,387,6,8
TN,9,-0.09190372670807459,483,6,8
TN,10,-0.030564523281596423,451,6,8
TN,11,-0.050067142857142845,490,6,8
TN,12,-0.030172921615201905,421,6,8
TN,13,0.02593438320209974,381,6,8
TN,14,-0.05418095238095237,273,6,8
TN,15,0.023672390572390564,297,6,8
TN,16,0.005931301939058195,361,6,8
TN,17,0.01666726190476191,336,6,8
TN,18,0.0026368421052631557,342,6,8
TN,19,0.006442746113989639,386,6,8
TN,20,0.05235482233502541,394,6,8
TN,21,-0.003564630225080386,311,6,8
TN,22,-0.0006329787234042459,188,6,8
TN,23,0.013568695652173909,115,6,8
TN,24,0.04800377358490567,159,6,8
TN,25,0.0891977064220184,218,6,8
TN,26,0.026964766839378238,193,6,8
TN,27,0.006658181818181814,220,6,8
TN,28,0.07496911764705882,136,6,8
TN,29,0.036446043165467644,139,6,8
TN,30,0.07621052631578946,133,6,8
TN,31,-0.004824680851063823,235,6,8
KS,1,-0.11183455497382205,573,5,6
KS,2,-0.08515,100,5,6
KS,3,-0.06560364779874221,795,5,6
KS,4,0.010153116883116898,770,5,6
KS,5,-0.01142369942196531,173,5,6
KS,6,-0.06195480225988701,177,5,6
KS,7,0.042599300699300686,143,5,6
KS,8,0.003624137931034477,174,5,6
KS,9,-0.04413349514563109,206,5,6
KS,10,-0.12141412429378524,177,5,6
KS,11,-0.012200000000000003,191,5,6
KS,12,-0.08476086956521742,161,5,6
KS,13,-0.0572244047619048,168,5,6
KS,14,-0.025720338983050855,118,5,6
KS,15,0.08885735294117647,136,5,6
KS,16,0.013178676470588246,136,5,6
KS,17,-0.02702575757575758,132,5,6
KS,18,0.005862121212121218,132,5,6
KS,19,0.023612413793103467,145,5,6
KS,20,0.03891721854304637,151,5,6
KS,21,-0.011389473684210515,114,5,6
KS,22,0.09503636363636367,66,5,6
KS,23,0.00593250000000001,40,5,6
KS,24,0.03413947368421053,76,5,6
KS,25,0.07285581395348839,86,5,6
KS,26,0.12028684210526315,76,5,6
KS,27,0.12324599999999998,100,5,6
KS,28,0.029214864864864867,74,5,6
KS,29,0.008779661016949143,59,5,6
KS,30,0.03399322033898303,59,5,6
KS,31,0.018177777777777775,99,5,6
MD,1,-0.09931978947368413,1425,5,11
MD,2,-0.010402280130293132,307,5,11
MD,3,-0.04875531172069829,2005,5,11
MD,4,-0.02438489394723233,1933,5,11
MD,5,-0.04495473145780053,391,5,11
MD,6,-0.021567001254705134,797,5,11
MD,7,-0.032939540229885045,435,5,11
MD,8,-0.02183316326530611,392,5,11
MD,9,-0.035614795918367345,392,5,11
MD,10,-0.038794588235294115,425,5,11
MD,11,-0.031194796380090505,442,5,11
MD,12,-0.03631574803149605,381,5,11
MD,13,0.026317120622568108,257,5,11
MD,14,-0.0005982532751091623,229,5,11
MD,15,0.06138387096774196,279,5,11
MD,16,0.04157249190938514,309,5,11
MD,17,0.03675934426229509,305,5,11
MD,18,-0.04117060810810806,296,5,11
MD,19,-0.0032350993377483444,302,5,11
MD,20,0.03738092307692307,325,5,11
MD,21,0.004507462686567174,268,5,11
MD,22,0.046577551020408156,147,5,11
MD,23,0.03095250000000001,120,5,11
MD,24,0.02627734375,128,5,11
MD,25,0.07048385416666668,192,5,11
MD,26,-0.014700000000000022,143,5,11
MD,27,0.05792740384615384,208,5,11
MD,28,-0.01133979591836735,98,5,11
MD,29,-0.06832711864406778,118,5,11
MD,30,0.03168294117647058,170,5,11
MD,31,0.027798712446351927,233,5,11
ME,1,-0.03847863247863244,702,1,13
ME,2,-0.10009296875000001,128,1,13
ME,3,-0.055216603773584914,795,1,13
ME,4,-0.08005499367888758,791,1,13
ME,5,-0.043380392156862714,204,1,13
ME,6,-0.01574059405940592,202,1,13
ME,7,-0.012359615384615389,156,1,13
ME,8,-0.04929878048780488,164,1,13
ME,9,-0.01971142857142856,175,1,13
ME,10,-0.044612352941176464,170,1,13
ME,11,0.008655199999999998,125,1,13
ME,12,-0.031331707317073174,164,1,13
ME,13,0.01776942148760331,121,1,13
ME,14,-0.0710712,125,1,13
ME,15,0.09659083969465654,131,1,13
ME,16,0.02868938053097343,113,1,13
ME,17,0.007457017543859666,114,1,13
ME,18,0.08441153846153844,130,1,13
ME,19,0.007935606060606053,132,1,13
ME,20,0.078868,125,1,13
ME,21,0.02121023622047242,127,1,13
ME,22,-0.012201923076923103,52,1,13
ME,23,-0.006439393939393925,33,1,13
ME,24,-0.06061694915254237,59,1,13
ME,25,-0.037994047619047594,84,1,13
ME,26,0.07065820895522387,67,1,13
ME,27,0.0424659090909091,88,1,13
ME,28,0.01500714285714285,42,1,13
ME,29,-0.07459180327868849,61,1,13
ME,30,0.05615423728813561,59,1,13
ME,31,0.0750246913580247,81,1,13
MA,1,-0.07431832351922418,2887,2,13
MA,2,-0.03867399328859058,596,2,13
MA,3,-0.026922480020623907,3879,2,13
MA,4,-0.027847074663402697,4085,2,13
MA,5,-0.04062346241457857,878,2,13
MA,6,-0.005931255487269525,1139,2,13
MA,7,-0.0009955528846153853,832,2,13
MA,8,-0.056876478494623676,744,2,13
MA,9,-0.037690588235294094,850,2,13
MA,10,-0.05513678815489748,878,2,13
MA,11,-0.018043874345549736,955,2,13
MA,12,-0.011156012176560119,657,2,13
MA,13,0.01759442675159234,628,2,13
MA,14,0.052028842504743815,527,2,13
MA,15,0.04926576728499157,593,2,13
MA,16,0.039931730769230775,624,2,13
MA,17,0.004285492227979267,579,2,13
MA,18,0.03647154882154883,594,2,13
MA,19,-0.001176744186046514,688,2,13
MA,20,0.026153256150506538,691,2,13
MA,21,0.002689661319073095,561,2,13
MA,22,0.026829503105590055,322,2,13
MA,23,0.07531034482758626,203,2,13
MA,24,0.025017669172932324,266,2,13
MA,25,0.08493424317617863,403,2,13
MA,26,0.04923564668769716,317,2,13
MA,27,0.13516135265700485,414,2,13
MA,28,0.00786871794871796,195,2,13
MA,29,0.04773248945147679,237,2,13
MA,30,0.11801058020477818,293,2,13
MA,31,0.01562512953367878,386,2,13
MS,1,-0.19805379310344828,290,7,7
MS,2,0.03770983606557377,61,7,7
MS,3,-0.07696079999999998,375,7,7
MS,4,-0.08739749999999993,360,7,7
MS,5,-0.06906794871794872,78,7,7
MS,6,-0.018300980392156857,102,7,7
MS,7,-0.0688454545454546,88,7,7
MS,8,-0.0502025974025974,77,7,7
MS,9,-0.05967777777777775,72,7,7
MS,10,-0.13990571428571433,70,7,7
MS,11,-0.038092941176470586,85,7,7
MS,12,0.050329166666666675,96,7,7
MS,13,0.037302247191011224,89,7,7
MS,14,0.053660000000000006,55,7,7
MS,15,-0.018651851851851857,54,7,7
MS,16,-0.004313698630136975,73,7,7
MS,17,-0.02285633802816901,71,7,7
MS,18,0.03855593220338985,59,7,7
MS,19,-0.023131818181818187,66,7,7
MS,20,0.07052808988764042,89,7,7
MS,21,0.08289264705882352,68,7,7
MS,22,0.10208709677419354,31,7,7
MS,23,0.004817241379310326,29,7,7
MS,24,-0.0034611111111111184,36,7,7
MS,25,-0.025516326530612244,49,7,7
MS,26,-0.024359523809523817,42,7,7
MS,27,0.20206666666666667,45,7,7
MS,28,0.09814583333333331,24,7,7
MS,29,0.004318918918918913,37,7,7
MS,30,-0.018064516129032253,31,7,7
MS,31,0.04692884615384615,52,7,7
NM,1,-0.1160838164251209,414,6,5
NM,2,-0.03913030303030303,99,6,5
NM,3,-0.08160732177263963,519,6,5
NM,4,-0.036084219858155984,564,6,5
NM,5,-0.0647516129032258,124,6,5
NM,6,-0.12566287878787882,132,6,5
NM,7,-0.04435078125000001,128,6,5
NM,8,-0.01412470588235293,85,6,5
NM,9,-0.13148229166666664,96,6,5
NM,10,-0.06829166666666665,96,6,5
NM,11,-0.06661016949152543,118,6,5
NM,12,-0.07141573033707861,89,6,5
NM,13,-0.12372872340425534,94,6,5
NM,14,-0.14639864864864863,74,6,5
NM,15,-0.028019696969696996,66,6,5
NM,16,0.033666666666666685,66,6,5
NM,17,-0.0839961038961039,77,6,5
NM,18,-0.07958404255319151,94,6,5
NM,19,0.031874999999999994,92,6,5
NM,20,0.017699999999999987,95,6,5
NM,21,-0.08886081081081083,74,6,5
NM,22,-0.10263953488372093,43,6,5
NM,23,0.10571818181818181,22,6,5
NM,24,0.010439344262295074,61,6,5
NM,25,0.09942641509433964,53,6,5
NM,26,-0.08358648648648648,37,6,5
NM,27,-0.006000000000000007,55,6,5
NM,28,0.021134883720930232,43,6,5
NM,29,0.006932500000000011,40,6,5
NM,30,0.02829736842105264,38,6,5
NM,31,0.030601724137931045,58,6,5
ID,1,-0.12596286407767002,412,4,4
ID,2,-0.038910958904109616,73,4,4
ID,3,-0.09208176943699727,373,4,4
ID,4,-0.03720489977728285,449,4,4
ID,5,0.033296153846153836,78,4,4
ID,6,-0.04811470588235295,102,4,4
ID,7,0.0015663551401869213,107,4,4
ID,8,-0.08641149425287353,87,4,4
ID,9,-0.04488111111111109,90,4,4
ID,10,-0.1349166666666667,48,4,4
ID,11,-0.10851492537313435,67,4,4
ID,12,-0.03558448275862069,58,4,4
ID,13,0.0021220588235294113,68,4,4
ID,14,-0.061785245901639335,61,4,4
ID,15,-0.14629672131147545,61,4,4
ID,16,-0.015699999999999995,57,4,4
ID,17,0.09743235294117647,68,4,4
ID,18,-0.044893442622950815,61,4,4
ID,19,-0.08957209302325582,86,4,4
ID,20,-0.029555072463768116,69,4,4
ID,21,-0.05054444444444446,54,4,4
ID,22,0.06498181818181813,33,4,4
ID,23,0.07714545454545454,11,4,4
ID,24,0.0700264705882353,34,4,4
ID,25,0.014740540540540538,37,4,4
ID,26,0.07492391304347826,46,4,4
ID,27,0.21734722222222225,36,4,4
ID,28,-0.17852608695652175,23,4,4
ID,29,0.11015,30,4,4
ID,30,-0.10231999999999998,15,4,4
ID,31,-0.05978780487804877,41,4,4
VT,1,-0.08010958333333336,240,2,11
VT,2,0.06855957446808512,47,2,11
VT,3,0.009577408637873763,301,2,11
VT,4,0.012976447876447882,259,2,11
VT,5,-0.04713928571428571,84,2,11
VT,6,-0.06913291139240504,79,2,11
VT,7,-0.03581874999999999,48,2,11
VT,8,-0.021454545454545452,66,2,11
VT,9,0.03227037037037036,54,2,11
VT,10,-0.00651929824561405,57,2,11
VT,11,-0.09579999999999998,53,2,11
VT,12,0.026454761904761894,42,2,11
VT,13,-0.003214583333333328,48,2,11
VT,14,0.19781315789473689,38,2,11
VT,15,0.11313181818181821,44,2,11
VT,16,0.12427555555555557,45,2,11
VT,17,-0.07154473684210527,38,2,11
VT,18,-0.1364027027027027,37,2,11
VT,19,0.013848571428571427,35,2,11
VT,20,0.041142553191489364,47,2,11
VT,21,0.11173750000000002,56,2,11
VT,22,0.06262727272727274,22,2,11
VT,23,0.15608333333333332,18,2,11
VT,24,0.017423809523809522,21,2,11
VT,25,0.022514814814814797,27,2,11
VT,26,0.18105862068965517,29,2,11
VT,27,0.05692571428571428,35,2,11
VT,28,0.22642,10,2,11
VT,29,-0.2013909090909091,11,2,11
VT,30,-0.13096315789473686,19,2,11
VT,31,0.071259375,32,2,11
SD,1,-0.08767591240875915,137,3,6
SD,2,0.04523478260869565,23,3,6
SD,3,-0.10391162790697671,172,3,6
SD,4,-0.0026711229946524044,187,3,6
SD,5,-0.03887,50,3,6
SD,6,-0.028492857142857146,42,3,6
SD,7,-0.04976774193548387,31,3,6
SD,8,-0.05057,30,3,6
SD,9,-0.1535833333333333,24,3,6
SD,10,-0.12340909090909086,44,3,6
SD,11,-0.015298360655737706,61,3,6
SD,12,-0.04050750000000001,40,3,6
SD,13,-0.0821,35,3,6
SD,14,0.02083636363636364,22,3,6
SD,15,-0.03405,22,3,6
SD,16,0.1607925925925926,27,3,6
SD,17,0.018915151515151506,33,3,6
SD,18,0.093075,28,3,6
SD,19,0.030259090909090906,22,3,6
SD,20,0.15549062500000002,32,3,6
SD,21,-0.051741666666666665,36,3,6
SD,22,-0.3296,15,3,6
SD,23,0.1916125,8,3,6
SD,24,0.08082999999999999,20,3,6
SD,25,-0.014514285714285712,14,3,6
SD,26,-0.08926000000000002,10,3,6
SD,27,-0.0004347826086956628,23,3,6
SD,28,-0.1481222222222222,9,3,6
SD,29,0.01190909090909093,11,3,6
SD,30,0.17318000000000003,15,3,6
SD,31,0.10073478260869563,23,3,6
RI,1,0.023212280701754403,513,3,13
RI,2,-0.019123655913978483,93,3,13
RI,3,-0.0059050526315789316,475,3,13
RI,4,-0.07022449888641423,449,3,13
RI,5,-0.03676382978723404,94,3,13
RI,6,-0.04580096153846155,104,3,13
RI,7,0.09446666666666666,90,3,13
RI,8,-0.03822769230769232,65,3,13
RI,9,-0.22009111111111102,90,3,13
RI,10,-0.05405113636363637,88,3,13
RI,11,0.000620224719101127,89,3,13
RI,12,0.03820277777777778,72,3,13
RI,13,0.08970923076923076,65,3,13
RI,14,0.11578360655737706,61,3,13
RI,15,0.018264999999999997,60,3,13
RI,16,0.09534117647058823,51,3,13
RI,17,-0.008734848484848493,66,3,13
RI,18,-0.007428571428571435,70,3,13
RI,19,0.030098412698412683,63,3,13
RI,20,0.09475079365079368,63,3,13
RI,21,0.06444912280701755,57,3,13
RI,22,0.16528,30,3,13
RI,23,0.015619047619047607,21,3,13
RI,24,0.1776888888888889,27,3,13
RI,25,0.1667341463414634,41,3,13
RI,26,-0.04913,30,3,13
RI,27,0.0004891304347826224,46,3,13
RI,28,0.11120967741935492,31,3,13
RI,29,-0.04480740740740741,27,3,13
RI,30,-0.053899999999999997,31,3,13
RI,31,0.007695348837209306,43,3,13
AK,1,-0.0693765151515151,264,2,2
AK,2,0.026167692307692312,65,2,2
AK,3,-0.08249049429657793,263,2,2
AK,4,-0.039172852233676975,291,2,2
AK,5,-0.09076571428571428,70,2,2
AK,6,-0.043417948717948705,78,2,2
AK,7,0.08951857142857143,70,2,2
AK,8,-0.05458571428571428,49,2,2
AK,9,-0.19216296296296295,54,2,2
AK,10,-0.1457263157894737,57,2,2
AK,11,-0.013229729729729743,74,2,2
AK,12,0.011419047619047608,42,2,2
AK,13,-0.1452951219512195,41,2,2
AK,14,-0.04750681818181819,44,2,2
AK,15,-0.0521921052631579,38,2,2
AK,16,0.19668181818181818,22,2,2
AK,17,0.005147368421052629,38,2,2
AK,18,0.07574054054054055,37,2,2
AK,19,0.06314255319148936,47,2,2
AK,20,-0.009866666666666645,42,2,2
AK,21,-0.15021499999999996,40,2,2
AK,22,0.07164761904761904,21,2,2
AK,23,0.07946153846153844,13,2,2
AK,24,-0.08586315789473681,19,2,2
AK,25,-0.05860416666666666,24,2,2
AK,26,-0.04002666666666667,15,2,2
AK,27,-0.10342105263157898,19,2,2
AK,28,0.12273125000000001,16,2,2
AK,29,0.07595217391304349,23,2,2
AK,30,0.0026272727272727307,11,2,2
AK,31,-0.1572904761904762,21,2,2
WY,1,-0.05406526315789474,95,4,5
WY,2,-0.09308666666666668,15,4,5
WY,3,-0.036643790849673195,153,4,5
WY,4,0.06488814814814817,135,4,5
WY,5,0.10928823529411766,17,4,5
WY,6,0.05961470588235294,34,4,5
WY,7,0.07698260869565217,23,4,5
WY,8,-0.0007148148148148142,27,4,5
WY,9,-0.14254687500000002,32,4,5
WY,10,-0.09321176470588233,17,4,5
WY,11,-0.018980952380952383,21,4,5
WY,12,-0.07524242424242425,33,4,5
WY,13,0.07132142857142856,28,4,5
WY,14,0.05355624999999999,16,4,5
WY,15,0.15070625,16,4,5
WY,16,-0.10905789473684209,19,4,5
WY,17,0.058049999999999984,16,4,5
WY,18,-0.09422499999999999,16,4,5
WY,19,-0.14229999999999998,18,4,5
WY,20,-0.2881913043478261,23,4,5
WY,21,-0.09455625000000001,16,4,5
WY,22,0.16599999999999998,8,4,5
WY,23,0.3670142857142857,7,4,5
WY,24,0.16393999999999997,10,4,5
WY,25,-0.022800000000000015,4,4,5
WY,26,-0.05835714285714287,7,4,5
WY,27,0.13818999999999998,10,4,5
WY,28,-0.36895,2,4,5
WY,29,0.40394444444444444,9,4,5
WY,30,-0.13185,6,4,5
WY,31,-0.10346153846153847,13,4,5
ND,1,-0.09510000000000002,90,3,5
ND,2,-0.04066111111111111,18,3,5
ND,3,-0.11385342465753426,146,3,5
ND,4,-0.10099838709677424,186,3,5
ND,5,0.004250000000000002,30,3,5
ND,6,-0.0186081081081081,37,3,5
ND,7,-0.120444,25,3,5
ND,8,-0.06619,20,3,5
ND,9,0.004226086956521763,23,3,5
ND,10,-0.10777428571428568,35,3,5
ND,11,0.010909090909090912,22,3,5
ND,12,0.046978260869565226,46,3,5
ND,13,-0.095148,25,3,5
ND,14,-0.19825714285714288,14,3,5
ND,15,0.23183333333333334,12,3,5
ND,16,-0.004950000000000002,22,3,5
ND,17,0.06712666666666665,30,3,5
ND,18,-0.0024892857142857065,28,3,5
ND,19,0.0028357142857142865,28,3,5
ND,20,0.139975,28,3,5
ND,21,0.03665454545454547,33,3,5
ND,22,0.17769999999999997,9,3,5
ND,23,-0.10308750000000003,8,3,5
ND,24,0.22315384615384615,13,3,5
ND,25,0.2418368421052631,19,3,5
ND,26,0.3027933333333334,15,3,5
ND,27,-0.030917391304347824,23,3,5
ND,28,-0.11030588235294118,17,3,5
ND,29,0.13087272727272728,11,3,5
ND,30,0.24976666666666666,9,3,5
ND,31,-0.030083999999999986,25,3,5
